L_lump,freq,S21
1.21E-08,5.85,-34.41703494
1.21E-08,5.851,-34.33428147
1.21E-08,5.852,-34.25057688
1.21E-08,5.853,-34.16589989
1.21E-08,5.854,-34.08022849
1.21E-08,5.855,-33.99353993
1.21E-08,5.856,-33.90581065
1.21E-08,5.857,-33.81701629
1.21E-08,5.858,-33.72713161
1.21E-08,5.859,-33.63613049
1.21E-08,5.86,-33.54398585
1.21E-08,5.861,-33.45066961
1.21E-08,5.862,-33.35615265
1.21E-08,5.863,-33.26040478
1.21E-08,5.864,-33.16339464
1.21E-08,5.865,-33.06508966
1.21E-08,5.866,-32.96545602
1.21E-08,5.867,-32.86445854
1.21E-08,5.868,-32.76206066
1.21E-08,5.869,-32.65822431
1.21E-08,5.87,-32.55290986
1.21E-08,5.871,-32.44607606
1.21E-08,5.872,-32.33767987
1.21E-08,5.873,-32.22767645
1.21E-08,5.874,-32.11601899
1.21E-08,5.875,-32.00265862
1.21E-08,5.876,-31.88754428
1.21E-08,5.877,-31.77062261
1.21E-08,5.878,-31.65183778
1.21E-08,5.879,-31.53113136
1.21E-08,5.88,-31.40844212
1.21E-08,5.881,-31.28370592
1.21E-08,5.882,-31.15685545
1.21E-08,5.883,-31.02782004
1.21E-08,5.884,-30.89652546
1.21E-08,5.885,-30.76289366
1.21E-08,5.886,-30.6268425
1.21E-08,5.887,-30.48828545
1.21E-08,5.888,-30.34713133
1.21E-08,5.889,-30.20328389
1.21E-08,5.89,-30.0566415
1.21E-08,5.891,-29.90709669
1.21E-08,5.892,-29.75453574
1.21E-08,5.893,-29.59883817
1.21E-08,5.894,-29.4398762
1.21E-08,5.895,-29.27751413
1.21E-08,5.896,-29.11160772
1.21E-08,5.897,-28.94200342
1.21E-08,5.898,-28.76853759
1.21E-08,5.899,-28.59103558
1.21E-08,5.9,-28.40931073
1.21E-08,5.901,-28.22316325
1.21E-08,5.902,-28.03237899
1.21E-08,5.903,-27.836728
1.21E-08,5.904,-27.63596299
1.21E-08,5.905,-27.4298175
1.21E-08,5.906,-27.21800394
1.21E-08,5.907,-27.00021129
1.21E-08,5.908,-26.77610245
1.21E-08,5.909,-26.54531135
1.21E-08,5.91,-26.30743951
1.21E-08,5.911,-26.06205211
1.21E-08,5.912,-25.80867349
1.21E-08,5.913,-25.54678191
1.21E-08,5.914,-25.27580342
1.21E-08,5.915,-24.99510475
1.21E-08,5.916,-24.70398486
1.21E-08,5.917,-24.40166501
1.21E-08,5.918,-24.08727693
1.21E-08,5.919,-23.75984866
1.21E-08,5.92,-23.41828747
1.21E-08,5.921,-23.06135922
1.21E-08,5.922,-22.68766301
1.21E-08,5.923,-22.29560003
1.21E-08,5.924,-21.88333481
1.21E-08,5.925,-21.44874656
1.21E-08,5.926,-20.98936747
1.21E-08,5.927,-20.50230352
1.21E-08,5.928,-19.98413167
1.21E-08,5.929,-19.43076442
1.21E-08,5.93,-18.83726879
1.21E-08,5.931,-18.19762031
1.21E-08,5.932,-17.50436268
1.21E-08,5.933,-16.74812723
1.21E-08,5.934,-15.91693998
1.21E-08,5.935,-14.99519913
1.21E-08,5.936,-13.96213133
1.21E-08,5.937,-12.78941594
1.21E-08,5.938,-11.43750914
1.21E-08,5.939,-9.850199623
1.21E-08,5.94,-7.948478801
1.21E-08,5.941,-5.63695076
1.21E-08,5.942,-2.916558759
1.21E-08,5.943,-0.565036814
1.21E-08,5.944,-0.881529501
1.21E-08,5.945,-3.492614307
1.21E-08,5.946,-6.221111613
1.21E-08,5.947,-8.518080334
1.21E-08,5.948,-10.42097556
1.21E-08,5.949,-12.0249023
1.21E-08,5.95,-13.40475826
1.21E-08,5.951,-14.61350794
1.21E-08,5.952,-15.68850389
1.21E-08,5.953,-16.65661936
1.21E-08,5.954,-17.5376641
1.21E-08,5.955,-18.34658978
1.21E-08,5.956,-19.09492704
1.21E-08,5.957,-19.79174114
1.21E-08,5.958,-20.44428227
1.21E-08,5.959,-21.05843822
1.21E-08,5.96,-21.63905634
1.21E-08,5.961,-22.19017716
1.21E-08,5.962,-22.71520682
1.21E-08,5.963,-23.21704665
1.21E-08,5.964,-23.69819193
1.21E-08,5.965,-24.16080825
1.21E-08,5.966,-24.60679135
1.21E-08,5.967,-25.03781456
1.21E-08,5.968,-25.45536689
1.21E-08,5.969,-25.86078396
1.21E-08,5.97,-26.25527336
1.21E-08,5.971,-26.63993579
1.21E-08,5.972,-27.0157828
1.21E-08,5.973,-27.38375186
1.21E-08,5.974,-27.74471947
1.21E-08,5.975,-28.09951261
1.21E-08,5.976,-28.44891898
1.21E-08,5.977,-28.79369637
1.21E-08,5.978,-29.13458128
1.21E-08,5.979,-29.4722973
1.21E-08,5.98,-29.80756314
1.21E-08,5.981,-30.14110077
1.21E-08,5.982,-30.47364385
1.21E-08,5.983,-30.80594659
1.21E-08,5.984,-31.13879334
1.21E-08,5.985,-31.47300926
1.21E-08,5.986,-31.80947241
1.21E-08,5.987,-32.14912769
1.21E-08,5.988,-32.49300312
1.21E-08,5.989,-32.84222936
1.21E-08,5.99,-33.19806314
1.21E-08,5.991,-33.56191613
1.21E-08,5.992,-33.93539047
1.21E-08,5.993,-34.32032375
1.21E-08,5.994,-34.71884591
1.21E-08,5.995,-35.13345286
1.21E-08,5.996,-35.56710273
1.21E-08,5.997,-36.02334392
1.21E-08,5.998,-36.50648828
1.21E-08,5.999,-37.02184981
1.21E-08,6,-37.57608115
1.21E-08,6.001,-38.17765985
1.21E-08,6.002,-38.83761101
1.21E-08,6.003,-39.5706191
1.21E-08,6.004,-40.39680866
1.21E-08,6.005,-41.34474022
1.21E-08,6.006,-42.45677104
1.21E-08,6.007,-43.79943614
1.21E-08,6.008,-45.48579941
1.21E-08,6.009,-47.73139801
1.21E-08,6.01,-51.03149137
1.21E-08,6.011,-57.0405936
1.21E-08,6.012,-78.21785925
1.21E-08,6.013,-54.86545268
1.21E-08,6.014,-48.68329846
1.21E-08,6.015,-44.74415435
1.21E-08,6.016,-41.71951145
1.21E-08,6.017,-39.16931384
1.21E-08,6.018,-36.88611364
1.21E-08,6.019,-34.74850398
1.21E-08,6.02,-32.67118636
1.21E-08,6.021,-30.58200849
1.21E-08,6.022,-28.40681642
1.21E-08,6.023,-26.0532699
1.21E-08,6.024,-23.38364893
1.21E-08,6.025,-20.15182765
1.21E-08,6.026,-15.80924306
1.21E-08,6.027,-8.641260436
1.21E-08,6.028,-1.985127994
1.21E-08,6.029,-11.54224141
1.21E-08,6.03,-16.0958635
1.21E-08,6.031,-18.8957705
1.21E-08,6.032,-20.87747299
1.21E-08,6.033,-22.39153823
1.21E-08,6.034,-23.60554675
1.21E-08,6.035,-24.61213406
1.21E-08,6.036,-25.46766948
1.21E-08,6.037,-26.20887737
1.21E-08,6.038,-26.86093705
1.21E-08,6.039,-27.44181131
1.21E-08,6.04,-27.96472824
1.21E-08,6.041,-28.43968599
1.21E-08,6.042,-28.87440753
1.21E-08,6.043,-29.27496931
1.21E-08,6.044,-29.64622875
1.21E-08,6.045,-29.9921227
1.21E-08,6.046,-30.31588077
1.21E-08,6.047,-30.62018102
1.21E-08,6.048,-30.90726551
1.21E-08,6.049,-31.17902754
1.21E-08,6.05,-31.43707846
1.21E-08,6.051,-31.68279934
1.21E-08,6.052,-31.91738165
1.21E-08,6.053,-32.14185937
1.21E-08,6.054,-32.35713479
1.21E-08,6.055,-32.56399923
1.21E-08,6.056,-32.76315002
1.21E-08,6.057,-32.95520434
1.21E-08,6.058,-33.14071067
1.21E-08,6.059,-33.3201583
1.21E-08,6.06,-33.49398535
1.21E-08,6.061,-33.66258537
1.21E-08,6.062,-33.82631306
1.21E-08,6.063,-33.98548906
1.21E-08,6.064,-34.14040403
1.21E-08,6.065,-34.29132219
1.21E-08,6.066,-34.43848435
1.21E-08,6.067,-34.58211047
1.21E-08,6.068,-34.722402
1.21E-08,6.069,-34.85954381
1.21E-08,6.07,-34.9937059
1.21E-08,6.071,-35.12504496
1.21E-08,6.072,-35.25370565
1.21E-08,6.073,-35.3798218
1.21E-08,6.074,-35.50351741
1.21E-08,6.075,-35.62490761
1.21E-08,6.076,-35.74409944
1.21E-08,6.077,-35.86119258
1.21E-08,6.078,-35.97627999
1.21E-08,6.079,-36.08944854
1.21E-08,6.08,-36.20077944
1.21E-08,6.081,-36.31034878
1.21E-08,6.082,-36.41822792
1.21E-08,6.083,-36.52448388
1.21E-08,6.084,-36.62917965
1.21E-08,6.085,-36.73237456
1.21E-08,6.086,-36.8341245
1.21E-08,6.087,-36.9344822
1.21E-08,6.088,-37.03349748
1.21E-08,6.089,-37.13121742
1.21E-08,6.09,-37.2276866
1.21E-08,6.091,-37.32294724
1.21E-08,6.092,-37.41703938
1.21E-08,6.093,-37.51000101
1.21E-08,6.094,-37.60186826
1.21E-08,6.095,-37.69267542
1.21E-08,6.096,-37.78245518
1.21E-08,6.097,-37.87123864
1.21E-08,6.098,-37.95905545
1.21E-08,6.099,-38.0459339
1.21E-08,6.1,-38.13190099
1.21E-08,5.85,-34.39263476
1.21E-08,5.851,-34.30930028
1.21E-08,5.852,-34.2249959
1.21E-08,5.853,-34.13969958
1.21E-08,5.854,-34.05338848
1.21E-08,5.855,-33.96603898
1.21E-08,5.856,-33.87762664
1.21E-08,5.857,-33.78812614
1.21E-08,5.858,-33.69751123
1.21E-08,5.859,-33.60575474
1.21E-08,5.86,-33.51282846
1.21E-08,5.861,-33.41870315
1.21E-08,5.862,-33.32334846
1.21E-08,5.863,-33.22673287
1.21E-08,5.864,-33.12882363
1.21E-08,5.865,-33.02958673
1.21E-08,5.866,-32.92898678
1.21E-08,5.867,-32.82698697
1.21E-08,5.868,-32.72354899
1.21E-08,5.869,-32.61863294
1.21E-08,5.87,-32.51219725
1.21E-08,5.871,-32.40419856
1.21E-08,5.872,-32.29459166
1.21E-08,5.873,-32.18332935
1.21E-08,5.874,-32.07036234
1.21E-08,5.875,-31.95563909
1.21E-08,5.876,-31.83910573
1.21E-08,5.877,-31.72070587
1.21E-08,5.878,-31.60038048
1.21E-08,5.879,-31.47806767
1.21E-08,5.88,-31.35370256
1.21E-08,5.881,-31.22721706
1.21E-08,5.882,-31.09853965
1.21E-08,5.883,-30.96759514
1.21E-08,5.884,-30.83430446
1.21E-08,5.885,-30.69858434
1.21E-08,5.886,-30.56034703
1.21E-08,5.887,-30.41949999
1.21E-08,5.888,-30.27594549
1.21E-08,5.889,-30.12958029
1.21E-08,5.89,-29.98029515
1.21E-08,5.891,-29.82797439
1.21E-08,5.892,-29.67249539
1.21E-08,5.893,-29.51372801
1.21E-08,5.894,-29.35153395
1.21E-08,5.895,-29.18576611
1.21E-08,5.896,-29.01626779
1.21E-08,5.897,-28.84287183
1.21E-08,5.898,-28.66539972
1.21E-08,5.899,-28.48366051
1.21E-08,5.9,-28.29744965
1.21E-08,5.901,-28.10654769
1.21E-08,5.902,-27.91071879
1.21E-08,5.903,-27.70970904
1.21E-08,5.904,-27.50324465
1.21E-08,5.905,-27.29102976
1.21E-08,5.906,-27.07274407
1.21E-08,5.907,-26.84804006
1.21E-08,5.908,-26.61653988
1.21E-08,5.909,-26.3778317
1.21E-08,5.91,-26.13146558
1.21E-08,5.911,-25.87694864
1.21E-08,5.912,-25.61373945
1.21E-08,5.913,-25.34124155
1.21E-08,5.914,-25.0587957
1.21E-08,5.915,-24.76567091
1.21E-08,5.916,-24.46105369
1.21E-08,5.917,-24.14403527
1.21E-08,5.918,-23.81359623
1.21E-08,5.919,-23.46858797
1.21E-08,5.92,-23.10771012
1.21E-08,5.921,-22.72948282
1.21E-08,5.922,-22.33221243
1.21E-08,5.923,-21.91394871
1.21E-08,5.924,-21.47243082
1.21E-08,5.925,-21.00501835
1.21E-08,5.926,-20.50860254
1.21E-08,5.927,-19.97948989
1.21E-08,5.928,-19.41324811
1.21E-08,5.929,-18.80449821
1.21E-08,5.93,-18.1466296
1.21E-08,5.931,-17.43140172
1.21E-08,5.932,-16.64837503
1.21E-08,5.933,-15.78407968
1.21E-08,5.934,-14.82077026
1.21E-08,5.935,-13.73451517
1.21E-08,5.936,-12.4922065
1.21E-08,5.937,-11.04687571
1.21E-08,5.938,-9.330843565
1.21E-08,5.939,-7.249550712
1.21E-08,5.94,-4.705042661
1.21E-08,5.941,-1.853481583
1.21E-08,5.942,-0.269063965
1.21E-08,5.943,-1.968612082
1.21E-08,5.944,-4.894879278
1.21E-08,5.945,-7.505711976
1.21E-08,5.946,-9.654482554
1.21E-08,5.947,-11.4399162
1.21E-08,5.948,-12.95625066
1.21E-08,5.949,-14.27086905
1.21E-08,5.95,-15.4305629
1.21E-08,5.951,-16.46835296
1.21E-08,5.952,-17.40814301
1.21E-08,5.953,-18.26768957
1.21E-08,5.954,-19.06050044
1.21E-08,5.955,-19.79707241
1.21E-08,5.956,-20.48571829
1.21E-08,5.957,-21.13313319
1.21E-08,5.958,-21.74479149
1.21E-08,5.959,-22.32523103
1.21E-08,5.96,-22.87826078
1.21E-08,5.961,-23.40711512
1.21E-08,5.962,-23.91457057
1.21E-08,5.963,-24.40303541
1.21E-08,5.964,-24.87461951
1.21E-08,5.965,-25.33118947
1.21E-08,5.966,-25.77441285
1.21E-08,5.967,-26.20579401
1.21E-08,5.968,-26.6267038
1.21E-08,5.969,-27.03840423
1.21E-08,5.97,-27.44206961
1.21E-08,5.971,-27.83880485
1.21E-08,5.972,-28.22966161
1.21E-08,5.973,-28.6156531
1.21E-08,5.974,-28.9977677
1.21E-08,5.975,-29.37698223
1.21E-08,5.976,-29.75427485
1.21E-08,5.977,-30.13063854
1.21E-08,5.978,-30.50709493
1.21E-08,5.979,-30.88470964
1.21E-08,5.98,-31.26460918
1.21E-08,5.981,-31.64800031
1.21E-08,5.982,-32.03619271
1.21E-08,5.983,-32.4306259
1.21E-08,5.984,-32.83290197
1.21E-08,5.985,-33.24482586
1.21E-08,5.986,-33.66845588
1.21E-08,5.987,-34.1061679
1.21E-08,5.988,-34.56073827
1.21E-08,5.989,-35.03545254
1.21E-08,5.99,-35.53425082
1.21E-08,5.991,-36.06192516
1.21E-08,5.992,-36.62439354
1.21E-08,5.993,-37.22908929
1.21E-08,5.994,-37.8855288
1.21E-08,5.995,-38.60616579
1.21E-08,5.996,-39.40772351
1.21E-08,5.997,-40.31336621
1.21E-08,5.998,-41.35643226
1.21E-08,5.999,-42.58730313
1.21E-08,6,-44.08720626
1.21E-08,6.001,-45.99950842
1.21E-08,6.002,-48.61438235
1.21E-08,6.003,-52.67584675
1.21E-08,6.004,-61.52136986
1.21E-08,6.005,-62.32784347
1.21E-08,6.006,-51.99126423
1.21E-08,6.007,-47.04944829
1.21E-08,6.008,-43.6255259
1.21E-08,6.009,-40.90856863
1.21E-08,6.01,-38.5832333
1.21E-08,6.011,-36.48914642
1.21E-08,6.012,-34.52883478
1.21E-08,6.013,-32.63328845
1.21E-08,6.014,-30.74553983
1.21E-08,6.015,-28.81030939
1.21E-08,6.016,-26.76445879
1.21E-08,6.017,-24.52379414
1.21E-08,6.018,-21.95820389
1.21E-08,6.019,-18.83258236
1.21E-08,6.02,-14.62823708
1.21E-08,6.021,-7.813155983
1.21E-08,6.022,-1.342844925
1.21E-08,6.023,-10.26086627
1.21E-08,6.024,-14.86365831
1.21E-08,6.025,-17.7164154
1.21E-08,6.026,-19.74342775
1.21E-08,6.027,-21.29687355
1.21E-08,6.028,-22.54580455
1.21E-08,6.029,-23.58383675
1.21E-08,6.03,-24.46800426
1.21E-08,6.031,-25.23550429
1.21E-08,6.032,-25.91186779
1.21E-08,6.033,-26.5153288
1.21E-08,6.034,-27.0593307
1.21E-08,6.035,-27.55404669
1.21E-08,6.036,-28.00734451
1.21E-08,6.037,-28.42542232
1.21E-08,6.038,-28.81324099
1.21E-08,6.039,-29.17482629
1.21E-08,6.04,-29.51348487
1.21E-08,6.041,-29.83196208
1.21E-08,6.042,-30.13255913
1.21E-08,6.043,-30.41722163
1.21E-08,6.044,-30.68760737
1.21E-08,6.045,-30.94513894
1.21E-08,6.046,-31.19104499
1.21E-08,6.047,-31.42639299
1.21E-08,6.048,-31.65211545
1.21E-08,6.049,-31.86903112
1.21E-08,6.05,-32.07786222
1.21E-08,6.051,-32.27924863
1.21E-08,6.052,-32.47375957
1.21E-08,6.053,-32.66190337
1.21E-08,6.054,-32.84413557
1.21E-08,6.055,-33.0208658
1.21E-08,6.056,-33.19246358
1.21E-08,6.057,-33.35926324
1.21E-08,6.058,-33.52156812
1.21E-08,6.059,-33.6796542
1.21E-08,6.06,-33.83377321
1.21E-08,6.061,-33.98415529
1.21E-08,6.062,-34.13101135
1.21E-08,6.063,-34.27453511
1.21E-08,6.064,-34.41490486
1.21E-08,6.065,-34.55228501
1.21E-08,6.066,-34.68682748
1.21E-08,6.067,-34.81867292
1.21E-08,6.068,-34.94795173
1.21E-08,6.069,-35.07478505
1.21E-08,6.07,-35.19928559
1.21E-08,6.071,-35.32155838
1.21E-08,6.072,-35.44170144
1.21E-08,6.073,-35.55980639
1.21E-08,6.074,-35.67595895
1.21E-08,6.075,-35.79023949
1.21E-08,6.076,-35.90272341
1.21E-08,6.077,-36.01348155
1.21E-08,6.078,-36.12258057
1.21E-08,6.079,-36.23008323
1.21E-08,6.08,-36.33604871
1.21E-08,6.081,-36.44053288
1.21E-08,6.082,-36.54358853
1.21E-08,6.083,-36.64526559
1.21E-08,6.084,-36.74561133
1.21E-08,6.085,-36.84467056
1.21E-08,6.086,-36.94248578
1.21E-08,6.087,-37.03909734
1.21E-08,6.088,-37.13454361
1.21E-08,6.089,-37.22886106
1.21E-08,6.09,-37.32208441
1.21E-08,6.091,-37.41424676
1.21E-08,6.092,-37.50537964
1.21E-08,6.093,-37.59551315
1.21E-08,6.094,-37.68467604
1.21E-08,6.095,-37.77289577
1.21E-08,6.096,-37.86019861
1.21E-08,6.097,-37.94660968
1.21E-08,6.098,-38.03215306
1.21E-08,6.099,-38.11685181
1.21E-08,6.1,-38.20072803
1.22E-08,5.85,-34.3658079
1.22E-08,5.851,-34.28181554
1.22E-08,5.852,-34.19683143
1.22E-08,5.853,-34.11083257
1.22E-08,5.854,-34.02379516
1.22E-08,5.855,-33.93569455
1.22E-08,5.856,-33.84650521
1.22E-08,5.857,-33.75620066
1.22E-08,5.858,-33.66475346
1.22E-08,5.859,-33.57213516
1.22E-08,5.86,-33.47831621
1.22E-08,5.861,-33.38326594
1.22E-08,5.862,-33.2869525
1.22E-08,5.863,-33.18934277
1.22E-08,5.864,-33.09040235
1.22E-08,5.865,-32.99009541
1.22E-08,5.866,-32.8883847
1.22E-08,5.867,-32.7852314
1.22E-08,5.868,-32.68059507
1.22E-08,5.869,-32.57443357
1.22E-08,5.87,-32.46670292
1.22E-08,5.871,-32.35735723
1.22E-08,5.872,-32.24634856
1.22E-08,5.873,-32.13362683
1.22E-08,5.874,-32.01913967
1.22E-08,5.875,-31.90283227
1.22E-08,5.876,-31.78464726
1.22E-08,5.877,-31.66452449
1.22E-08,5.878,-31.54240093
1.22E-08,5.879,-31.41821042
1.22E-08,5.88,-31.29188348
1.22E-08,5.881,-31.16334709
1.22E-08,5.882,-31.03252445
1.22E-08,5.883,-30.89933471
1.22E-08,5.884,-30.76369266
1.22E-08,5.885,-30.62550846
1.22E-08,5.886,-30.48468727
1.22E-08,5.887,-30.34112888
1.22E-08,5.888,-30.19472731
1.22E-08,5.889,-30.04537034
1.22E-08,5.89,-29.89293901
1.22E-08,5.891,-29.73730714
1.22E-08,5.892,-29.57834064
1.22E-08,5.893,-29.41589692
1.22E-08,5.894,-29.24982411
1.22E-08,5.895,-29.07996028
1.22E-08,5.896,-28.90613251
1.22E-08,5.897,-28.7281559
1.22E-08,5.898,-28.54583246
1.22E-08,5.899,-28.3589498
1.22E-08,5.9,-28.16727979
1.22E-08,5.901,-27.97057689
1.22E-08,5.902,-27.76857645
1.22E-08,5.903,-27.56099259
1.22E-08,5.904,-27.34751597
1.22E-08,5.905,-27.12781112
1.22E-08,5.906,-26.90151348
1.22E-08,5.907,-26.66822592
1.22E-08,5.908,-26.42751484
1.22E-08,5.909,-26.17890554
1.22E-08,5.91,-25.92187698
1.22E-08,5.911,-25.65585552
1.22E-08,5.912,-25.38020775
1.22E-08,5.913,-25.09423187
1.22E-08,5.914,-24.79714767
1.22E-08,5.915,-24.48808448
1.22E-08,5.916,-24.16606671
1.22E-08,5.917,-23.82999655
1.22E-08,5.918,-23.47863282
1.22E-08,5.919,-23.11056513
1.22E-08,5.92,-22.72418203
1.22E-08,5.921,-22.31763125
1.22E-08,5.922,-21.88876982
1.22E-08,5.923,-21.43510054
1.22E-08,5.924,-20.95369041
1.22E-08,5.925,-20.44106426
1.22E-08,5.926,-19.89306436
1.22E-08,5.927,-19.30466198
1.22E-08,5.928,-18.66970022
1.22E-08,5.929,-17.98053625
1.22E-08,5.93,-17.22753303
1.22E-08,5.931,-16.39831999
1.22E-08,5.932,-15.47669033
1.22E-08,5.933,-14.44091134
1.22E-08,5.934,-13.2610679
1.22E-08,5.935,-11.89481166
1.22E-08,5.936,-10.28065811
1.22E-08,5.937,-8.328957574
1.22E-08,5.938,-5.922060036
1.22E-08,5.939,-3.02568767
1.22E-08,5.94,-0.513129602
1.22E-08,5.941,-1.126696429
1.22E-08,5.942,-4.070089426
1.22E-08,5.943,-6.929355668
1.22E-08,5.944,-9.278687087
1.22E-08,5.945,-11.20929028
1.22E-08,5.946,-12.83294114
1.22E-08,5.947,-14.23011454
1.22E-08,5.948,-15.45585427
1.22E-08,5.949,-16.5483653
1.22E-08,5.95,-17.53490281
1.22E-08,5.951,-18.43546678
1.22E-08,5.952,-19.26511944
1.22E-08,5.953,-20.03547038
1.22E-08,5.954,-20.75565397
1.22E-08,5.955,-21.43299022
1.22E-08,5.956,-22.07344271
1.22E-08,5.957,-22.68194366
1.22E-08,5.958,-23.26262936
1.22E-08,5.959,-23.81901423
1.22E-08,5.96,-24.35412184
1.22E-08,5.961,-24.87058511
1.22E-08,5.962,-25.37072449
1.22E-08,5.963,-25.8566098
1.22E-08,5.964,-26.33011007
1.22E-08,5.965,-26.79293444
1.22E-08,5.966,-27.24666647
1.22E-08,5.967,-27.69279355
1.22E-08,5.968,-28.13273279
1.22E-08,5.969,-28.5678545
1.22E-08,5.97,-28.99950425
1.22E-08,5.971,-29.42902425
1.22E-08,5.972,-29.85777508
1.22E-08,5.973,-30.28715822
1.22E-08,5.974,-30.71864078
1.22E-08,5.975,-31.15378314
1.22E-08,5.976,-31.59427083
1.22E-08,5.977,-32.04195258
1.22E-08,5.978,-32.49888639
1.22E-08,5.979,-32.96739675
1.22E-08,5.98,-33.45014699
1.22E-08,5.981,-33.95023262
1.22E-08,5.982,-34.47130381
1.22E-08,5.983,-35.01772926
1.22E-08,5.984,-35.59482001
1.22E-08,5.985,-36.20914198
1.22E-08,5.986,-36.86896317
1.22E-08,5.987,-37.58491223
1.22E-08,5.988,-38.37098029
1.22E-08,5.989,-39.24610626
1.22E-08,5.99,-40.2368056
1.22E-08,5.991,-41.38179181
1.22E-08,5.992,-42.74072692
1.22E-08,5.993,-44.41250239
1.22E-08,5.994,-46.57904791
1.22E-08,5.995,-49.63465423
1.22E-08,5.996,-54.73931598
1.22E-08,5.997,-71.17235581
1.22E-08,5.998,-57.14703544
1.22E-08,5.999,-49.93649517
1.22E-08,6,-45.77805385
1.22E-08,6.001,-42.74278944
1.22E-08,6.002,-40.28049066
1.22E-08,6.003,-38.15270312
1.22E-08,6.004,-36.2313062
1.22E-08,6.005,-34.43639353
1.22E-08,6.006,-32.71136997
1.22E-08,6.007,-31.01078538
1.22E-08,6.008,-29.29299433
1.22E-08,6.009,-27.51427831
1.22E-08,6.01,-25.62222904
1.22E-08,6.011,-23.54565795
1.22E-08,6.012,-21.17539016
1.22E-08,6.013,-18.32046843
1.22E-08,6.014,-14.58654202
1.22E-08,6.015,-8.94749557
1.22E-08,6.016,-0.377146976
1.22E-08,6.017,-7.359244644
1.22E-08,6.018,-12.70509606
1.22E-08,6.019,-15.90783341
1.22E-08,6.02,-18.13790975
1.22E-08,6.021,-19.82734002
1.22E-08,6.022,-21.17601994
1.22E-08,6.023,-22.29182603
1.22E-08,6.024,-23.23929053
1.22E-08,6.025,-24.05994332
1.22E-08,6.026,-24.78200552
1.22E-08,6.027,-25.42547877
1.22E-08,6.028,-26.00502209
1.22E-08,6.029,-26.53167665
1.22E-08,6.03,-27.0139497
1.22E-08,6.031,-27.45852319
1.22E-08,6.032,-27.87073245
1.22E-08,6.033,-28.25489872
1.22E-08,6.034,-28.61456589
1.22E-08,6.035,-28.95267258
1.22E-08,6.036,-29.2716796
1.22E-08,6.037,-29.57366581
1.22E-08,6.038,-29.86040152
1.22E-08,6.039,-30.13340511
1.22E-08,6.04,-30.39398754
1.22E-08,6.041,-30.64328751
1.22E-08,6.042,-30.88229961
1.22E-08,6.043,-31.111897
1.22E-08,6.044,-31.3328499
1.22E-08,6.045,-31.54584073
1.22E-08,6.046,-31.7514766
1.22E-08,6.047,-31.95029974
1.22E-08,6.048,-32.14279614
1.22E-08,6.049,-32.32940289
1.22E-08,6.05,-32.51051436
1.22E-08,6.051,-32.68648743
1.22E-08,6.052,-32.85764598
1.22E-08,6.053,-33.02428476
1.22E-08,6.054,-33.18667266
1.22E-08,6.055,-33.3450556
1.22E-08,6.056,-33.49965902
1.22E-08,6.057,-33.65069001
1.22E-08,6.058,-33.79833923
1.22E-08,6.059,-33.94278256
1.22E-08,6.06,-34.08418255
1.22E-08,6.061,-34.22268972
1.22E-08,6.062,-34.3584437
1.22E-08,6.063,-34.4915742
1.22E-08,6.064,-34.62220196
1.22E-08,6.065,-34.7504395
1.22E-08,6.066,-34.87639189
1.22E-08,6.067,-35.00015732
1.22E-08,6.068,-35.12182774
1.22E-08,6.069,-35.24148933
1.22E-08,6.07,-35.35922298
1.22E-08,6.071,-35.47510471
1.22E-08,6.072,-35.58920606
1.22E-08,6.073,-35.70159442
1.22E-08,6.074,-35.81233332
1.22E-08,6.075,-35.92148278
1.22E-08,6.076,-36.02909949
1.22E-08,6.077,-36.1352371
1.22E-08,6.078,-36.23994642
1.22E-08,6.079,-36.34327559
1.22E-08,6.08,-36.44527032
1.22E-08,6.081,-36.545974
1.22E-08,6.082,-36.64542786
1.22E-08,6.083,-36.74367113
1.22E-08,6.084,-36.84074119
1.22E-08,6.085,-36.9366736
1.22E-08,6.086,-37.03150232
1.22E-08,6.087,-37.12525974
1.22E-08,6.088,-37.21797678
1.22E-08,6.089,-37.309683
1.22E-08,6.09,-37.40040669
1.22E-08,6.091,-37.49017488
1.22E-08,6.092,-37.5790135
1.22E-08,6.093,-37.66694738
1.22E-08,6.094,-37.75400031
1.22E-08,6.095,-37.84019515
1.22E-08,6.096,-37.92555382
1.22E-08,6.097,-38.01009739
1.22E-08,6.098,-38.0938461
1.22E-08,6.099,-38.17681942
1.22E-08,6.1,-38.25903609
1.22E-08,5.85,-34.33617323
1.22E-08,5.851,-34.25143089
1.22E-08,5.852,-34.16567109
1.22E-08,5.853,-34.07886972
1.22E-08,5.854,-33.99100178
1.22E-08,5.855,-33.90204137
1.22E-08,5.856,-33.81196164
1.22E-08,5.857,-33.72073471
1.22E-08,5.858,-33.62833169
1.22E-08,5.859,-33.53472254
1.22E-08,5.86,-33.43987609
1.22E-08,5.861,-33.34375991
1.22E-08,5.862,-33.24634032
1.22E-08,5.863,-33.14758224
1.22E-08,5.864,-33.04744919
1.22E-08,5.865,-32.94590315
1.22E-08,5.866,-32.84290454
1.22E-08,5.867,-32.73841206
1.22E-08,5.868,-32.63238264
1.22E-08,5.869,-32.52477132
1.22E-08,5.87,-32.41553116
1.22E-08,5.871,-32.30461307
1.22E-08,5.872,-32.19196575
1.22E-08,5.873,-32.07753548
1.22E-08,5.874,-31.96126603
1.22E-08,5.875,-31.84309846
1.22E-08,5.876,-31.72297099
1.22E-08,5.877,-31.60081875
1.22E-08,5.878,-31.47657363
1.22E-08,5.879,-31.35016402
1.22E-08,5.88,-31.22151461
1.22E-08,5.881,-31.0905461
1.22E-08,5.882,-30.95717493
1.22E-08,5.883,-30.82131296
1.22E-08,5.884,-30.68286714
1.22E-08,5.885,-30.54173913
1.22E-08,5.886,-30.39782494
1.22E-08,5.887,-30.25101441
1.22E-08,5.888,-30.1011908
1.22E-08,5.889,-29.9482302
1.22E-08,5.89,-29.79200097
1.22E-08,5.891,-29.63236307
1.22E-08,5.892,-29.46916736
1.22E-08,5.893,-29.30225477
1.22E-08,5.894,-29.13145542
1.22E-08,5.895,-28.95658765
1.22E-08,5.896,-28.77745688
1.22E-08,5.897,-28.59385439
1.22E-08,5.898,-28.4055559
1.22E-08,5.899,-28.21232007
1.22E-08,5.9,-28.01388664
1.22E-08,5.901,-27.80997453
1.22E-08,5.902,-27.60027948
1.22E-08,5.903,-27.38447154
1.22E-08,5.904,-27.16219206
1.22E-08,5.905,-26.93305034
1.22E-08,5.906,-26.69661974
1.22E-08,5.907,-26.45243313
1.22E-08,5.908,-26.19997771
1.22E-08,5.909,-25.9386889
1.22E-08,5.91,-25.66794322
1.22E-08,5.911,-25.38704985
1.22E-08,5.912,-25.09524073
1.22E-08,5.913,-24.79165871
1.22E-08,5.914,-24.47534337
1.22E-08,5.915,-24.14521393
1.22E-08,5.916,-23.80004851
1.22E-08,5.917,-23.43845874
1.22E-08,5.918,-23.05885837
1.22E-08,5.919,-22.65942435
1.22E-08,5.92,-22.23804774
1.22E-08,5.921,-21.79227142
1.22E-08,5.922,-21.31920999
1.22E-08,5.923,-20.81544548
1.22E-08,5.924,-20.27688958
1.22E-08,5.925,-19.69859897
1.22E-08,5.926,-19.07452307
1.22E-08,5.927,-18.39715319
1.22E-08,5.928,-17.65702367
1.22E-08,5.929,-16.84198543
1.22E-08,5.93,-15.93611969
1.22E-08,5.931,-14.9180661
1.22E-08,5.932,-13.75837253
1.22E-08,5.933,-12.41518379
1.22E-08,5.934,-10.82718514
1.22E-08,5.935,-8.9029266
1.22E-08,5.936,-6.513141132
1.22E-08,5.937,-3.563304511
1.22E-08,5.938,-0.717896962
1.22E-08,5.939,-0.956878826
1.22E-08,5.94,-4.008973894
1.22E-08,5.941,-7.025044874
1.22E-08,5.942,-9.480053511
1.22E-08,5.943,-11.48246124
1.22E-08,5.944,-13.15882704
1.22E-08,5.945,-14.59767276
1.22E-08,5.946,-15.85842924
1.22E-08,5.947,-16.98182974
1.22E-08,5.948,-17.99667838
1.22E-08,5.949,-18.92398102
1.22E-08,5.95,-19.77949014
1.22E-08,5.951,-20.57531481
1.22E-08,5.952,-21.32097042
1.22E-08,5.953,-22.02408311
1.22E-08,5.954,-22.69087551
1.22E-08,5.955,-23.32651019
1.22E-08,5.956,-23.93533791
1.22E-08,5.957,-24.52108118
1.22E-08,5.958,-25.0869727
1.22E-08,5.959,-25.63586194
1.22E-08,5.96,-26.17029905
1.22E-08,5.961,-26.69260227
1.22E-08,5.962,-27.20491371
1.22E-08,5.963,-27.70924657
1.22E-08,5.964,-28.20752682
1.22E-08,5.965,-28.70163116
1.22E-08,5.966,-29.19342313
1.22E-08,5.967,-29.6847892
1.22E-08,5.968,-30.17767629
1.22E-08,5.969,-30.67413273
1.22E-08,5.97,-31.17635463
1.22E-08,5.971,-31.68674053
1.22E-08,5.972,-32.20795743
1.22E-08,5.973,-32.74302336
1.22E-08,5.974,-33.29541278
1.22E-08,5.975,-33.86919445
1.22E-08,5.976,-34.46921573
1.22E-08,5.977,-35.10135519
1.22E-08,5.978,-35.77287663
1.22E-08,5.979,-36.49293942
1.22E-08,5.98,-37.27335642
1.22E-08,5.981,-38.12976042
1.22E-08,5.982,-39.08347526
1.22E-08,5.983,-40.1646738
1.22E-08,5.984,-41.41805526
1.22E-08,5.985,-42.91391652
1.22E-08,5.986,-44.7722351
1.22E-08,5.987,-47.22391069
1.22E-08,5.988,-50.81014111
1.22E-08,5.989,-57.43512741
1.22E-08,5.99,-71.30735612
1.22E-08,5.991,-54.05698172
1.22E-08,5.992,-48.38979746
1.22E-08,5.993,-44.77964557
1.22E-08,5.994,-42.05233182
1.22E-08,5.995,-39.80660165
1.22E-08,5.996,-37.85449343
1.22E-08,5.997,-36.0907957
1.22E-08,5.998,-34.44868428
1.22E-08,5.999,-32.88095585
1.22E-08,6,-31.35068078
1.22E-08,6.001,-29.82574183
1.22E-08,6.002,-28.27493665
1.22E-08,6.003,-26.66436986
1.22E-08,6.004,-24.95304435
1.22E-08,6.005,-23.08608438
1.22E-08,6.006,-20.98239173
1.22E-08,6.007,-18.50869181
1.22E-08,6.008,-15.41591307
1.22E-08,6.009,-11.15180968
1.22E-08,6.01,-4.334986898
1.22E-08,6.011,-2.08787631
1.22E-08,6.012,-9.062436554
1.22E-08,6.013,-13.16588434
1.22E-08,6.014,-15.86703287
1.22E-08,6.015,-17.8459245
1.22E-08,6.016,-19.3926428
1.22E-08,6.017,-20.65414546
1.22E-08,6.018,-21.71446818
1.22E-08,6.019,-22.62593727
1.22E-08,6.02,-23.42323591
1.22E-08,6.021,-24.13047533
1.22E-08,6.022,-24.76505798
1.22E-08,6.023,-25.33993038
1.22E-08,6.024,-25.8649674
1.22E-08,6.025,-26.34786041
1.22E-08,6.026,-26.79470762
1.22E-08,6.027,-27.21041893
1.22E-08,6.028,-27.59900062
1.22E-08,6.029,-27.96376035
1.22E-08,6.03,-28.30745758
1.22E-08,6.031,-28.63241597
1.22E-08,6.032,-28.94060861
1.22E-08,6.033,-29.23372372
1.22E-08,6.034,-29.51321568
1.22E-08,6.035,-29.78034538
1.22E-08,6.036,-30.03621228
1.22E-08,6.037,-30.28178016
1.22E-08,6.038,-30.51789806
1.22E-08,6.039,-30.74531736
1.22E-08,6.04,-30.96470582
1.22E-08,6.041,-31.17665927
1.22E-08,6.042,-31.38171131
1.22E-08,6.043,-31.5803415
1.22E-08,6.044,-31.77298221
1.22E-08,6.045,-31.96002451
1.22E-08,6.046,-32.1418231
1.22E-08,6.047,-32.31870063
1.22E-08,6.048,-32.49095131
1.22E-08,6.049,-32.65884412
1.22E-08,6.05,-32.82262554
1.22E-08,6.051,-32.98252193
1.22E-08,6.052,-33.13874161
1.22E-08,6.053,-33.29147673
1.22E-08,6.054,-33.44090483
1.22E-08,6.055,-33.58719025
1.22E-08,6.056,-33.73048543
1.22E-08,6.057,-33.87093195
1.22E-08,6.058,-34.00866158
1.22E-08,6.059,-34.14379711
1.22E-08,6.06,-34.27645315
1.22E-08,6.061,-34.40673684
1.22E-08,6.062,-34.53474845
1.22E-08,6.063,-34.66058199
1.22E-08,6.064,-34.78432566
1.22E-08,6.065,-34.90606236
1.22E-08,6.066,-35.02587009
1.22E-08,6.067,-35.14382229
1.22E-08,6.068,-35.25998826
1.22E-08,6.069,-35.37443338
1.22E-08,6.07,-35.48721945
1.22E-08,6.071,-35.59840495
1.22E-08,6.072,-35.70804523
1.22E-08,6.073,-35.81619276
1.22E-08,6.074,-35.92289733
1.22E-08,6.075,-36.02820621
1.22E-08,6.076,-36.13216432
1.22E-08,6.077,-36.2348144
1.22E-08,6.078,-36.33619713
1.22E-08,6.079,-36.43635128
1.22E-08,6.08,-36.5353138
1.22E-08,6.081,-36.63311995
1.22E-08,6.082,-36.72980342
1.22E-08,6.083,-36.82539639
1.22E-08,6.084,-36.91992962
1.22E-08,6.085,-37.01343258
1.22E-08,6.086,-37.10593345
1.22E-08,6.087,-37.19745925
1.22E-08,6.088,-37.2880359
1.22E-08,6.089,-37.37768823
1.22E-08,6.09,-37.4664401
1.22E-08,6.091,-37.55431443
1.22E-08,6.092,-37.64133324
1.22E-08,6.093,-37.72751769
1.22E-08,6.094,-37.81288816
1.22E-08,6.095,-37.89746425
1.22E-08,6.096,-37.98126484
1.22E-08,6.097,-38.06430813
1.22E-08,6.098,-38.14661165
1.22E-08,6.099,-38.22819233
1.22E-08,6.1,-38.30906648
1.22E-08,5.85,-34.30326542
1.22E-08,5.851,-34.2176616
1.22E-08,5.852,-34.1310098
1.22E-08,5.853,-34.04328453
1.22E-08,5.854,-33.95445933
1.22E-08,5.855,-33.86450675
1.22E-08,5.856,-33.77339831
1.22E-08,5.857,-33.68110444
1.22E-08,5.858,-33.58759438
1.22E-08,5.859,-33.49283619
1.22E-08,5.86,-33.39679664
1.22E-08,5.861,-33.29944115
1.22E-08,5.862,-33.20073372
1.22E-08,5.863,-33.10063685
1.22E-08,5.864,-32.99911145
1.22E-08,5.865,-32.89611676
1.22E-08,5.866,-32.79161026
1.22E-08,5.867,-32.68554753
1.22E-08,5.868,-32.57788218
1.22E-08,5.869,-32.46856571
1.22E-08,5.87,-32.35754739
1.22E-08,5.871,-32.2447741
1.22E-08,5.872,-32.13019021
1.22E-08,5.873,-32.0137374
1.22E-08,5.874,-31.89535449
1.22E-08,5.875,-31.77497727
1.22E-08,5.876,-31.65253824
1.22E-08,5.877,-31.52796645
1.22E-08,5.878,-31.40118723
1.22E-08,5.879,-31.27212192
1.22E-08,5.88,-31.14068763
1.22E-08,5.881,-31.00679685
1.22E-08,5.882,-30.87035718
1.22E-08,5.883,-30.73127092
1.22E-08,5.884,-30.5894347
1.22E-08,5.885,-30.44473897
1.22E-08,5.886,-30.29706758
1.22E-08,5.887,-30.14629717
1.22E-08,5.888,-29.99229664
1.22E-08,5.889,-29.83492642
1.22E-08,5.89,-29.6740378
1.22E-08,5.891,-29.50947208
1.22E-08,5.892,-29.34105967
1.22E-08,5.893,-29.1686191
1.22E-08,5.894,-28.99195587
1.22E-08,5.895,-28.8108612
1.22E-08,5.896,-28.62511063
1.22E-08,5.897,-28.4344624
1.22E-08,5.898,-28.23865565
1.22E-08,5.899,-28.03740839
1.22E-08,5.9,-27.83041518
1.22E-08,5.901,-27.61734447
1.22E-08,5.902,-27.39783561
1.22E-08,5.903,-27.17149534
1.22E-08,5.904,-26.93789384
1.22E-08,5.905,-26.69656003
1.22E-08,5.906,-26.44697629
1.22E-08,5.907,-26.18857209
1.22E-08,5.908,-25.9207167
1.22E-08,5.909,-25.6427105
1.22E-08,5.91,-25.35377465
1.22E-08,5.911,-25.05303891
1.22E-08,5.912,-24.73952686
1.22E-08,5.913,-24.41213816
1.22E-08,5.914,-24.06962694
1.22E-08,5.915,-23.71057529
1.22E-08,5.916,-23.33336046
1.22E-08,5.917,-22.93611398
1.22E-08,5.918,-22.51667005
1.22E-08,5.919,-22.07249984
1.22E-08,5.92,-21.60062673
1.22E-08,5.921,-21.09751544
1.22E-08,5.922,-20.55892515
1.22E-08,5.923,-19.97971139
1.22E-08,5.924,-19.3535542
1.22E-08,5.925,-18.67257746
1.22E-08,5.926,-17.92680349
1.22E-08,5.927,-17.10335175
1.22E-08,5.928,-16.18522718
1.22E-08,5.929,-15.14943009
1.22E-08,5.93,-13.96390683
1.22E-08,5.931,-12.5824739
1.22E-08,5.932,-10.93623865
1.22E-08,5.933,-8.919960026
1.22E-08,5.934,-6.380829308
1.22E-08,5.935,-3.217890845
1.22E-08,5.936,-0.445182504
1.22E-08,5.937,-1.568699683
1.22E-08,5.938,-4.975251717
1.22E-08,5.939,-7.998584573
1.22E-08,5.94,-10.41558917
1.22E-08,5.941,-12.386152
1.22E-08,5.942,-14.04170681
1.22E-08,5.943,-15.46909073
1.22E-08,5.944,-16.72569507
1.22E-08,5.945,-17.85070555
1.22E-08,5.946,-18.87185123
1.22E-08,5.947,-19.80941161
1.22E-08,5.948,-20.67865804
1.22E-08,5.949,-21.49139237
1.22E-08,5.95,-22.25694942
1.22E-08,5.951,-22.98287091
1.22E-08,5.952,-23.67537178
1.22E-08,5.953,-24.33967147
1.22E-08,5.954,-24.98023557
1.22E-08,5.955,-25.60095636
1.22E-08,5.956,-26.20529156
1.22E-08,5.957,-26.79637381
1.22E-08,5.958,-27.37710003
1.22E-08,5.959,-27.95020714
1.22E-08,5.96,-28.51833918
1.22E-08,5.961,-29.08410968
1.22E-08,5.962,-29.65016303
1.22E-08,5.963,-30.2192383
1.22E-08,5.964,-30.79423928
1.22E-08,5.965,-31.37831508
1.22E-08,5.966,-31.97495729
1.22E-08,5.967,-32.58812104
1.22E-08,5.968,-33.22238161
1.22E-08,5.969,-33.88314211
1.22E-08,5.97,-34.57691758
1.22E-08,5.971,-35.31173446
1.22E-08,5.972,-36.09770893
1.22E-08,5.973,-36.94791308
1.22E-08,5.974,-37.87972179
1.22E-08,5.975,-38.91700292
1.22E-08,5.976,-40.09387793
1.22E-08,5.977,-41.46163686
1.22E-08,5.978,-43.10263044
1.22E-08,5.979,-45.16177712
1.22E-08,5.98,-47.93190584
1.22E-08,5.981,-52.16402033
1.22E-08,5.982,-61.24624305
1.22E-08,5.983,-61.98749681
1.22E-08,5.984,-51.92205126
1.22E-08,5.985,-47.19611598
1.22E-08,5.986,-43.9961022
1.22E-08,5.987,-41.52129377
1.22E-08,5.988,-39.46302082
1.22E-08,5.989,-37.66805058
1.22E-08,5.99,-36.04787579
1.22E-08,5.991,-34.54550858
1.22E-08,5.992,-33.12081355
1.22E-08,5.993,-31.74306842
1.22E-08,5.994,-30.38669279
1.22E-08,5.995,-29.02842889
1.22E-08,5.996,-27.64511393
1.22E-08,5.997,-26.21148518
1.22E-08,5.998,-24.69747877
1.22E-08,5.999,-23.06424209
1.22E-08,6,-21.25737988
1.22E-08,6.001,-19.19412135
1.22E-08,6.002,-16.73592149
1.22E-08,6.003,-13.6215302
1.22E-08,6.004,-9.28019683
1.22E-08,6.005,-2.637850629
1.22E-08,6.006,-2.559812948
1.22E-08,6.007,-8.658774429
1.22E-08,6.008,-12.46383422
1.22E-08,6.009,-15.05438728
1.22E-08,6.01,-16.9869759
1.22E-08,6.011,-18.51527853
1.22E-08,6.012,-19.77232004
1.22E-08,6.013,-20.83579381
1.22E-08,6.014,-21.75478103
1.22E-08,6.015,-22.56216258
1.22E-08,6.016,-23.28098753
1.22E-08,6.017,-23.92800477
1.22E-08,6.018,-24.51574578
1.22E-08,6.019,-25.05381598
1.22E-08,6.02,-25.54972936
1.22E-08,6.021,-26.00946676
1.22E-08,6.022,-26.4378606
1.22E-08,6.023,-26.83886677
1.22E-08,6.024,-27.21576115
1.22E-08,6.025,-27.57128439
1.22E-08,6.026,-27.90775034
1.22E-08,6.027,-28.22712872
1.22E-08,6.028,-28.53110877
1.22E-08,6.029,-28.82114907
1.22E-08,6.03,-29.09851679
1.22E-08,6.031,-29.36431913
1.22E-08,6.032,-29.61952858
1.22E-08,6.033,-29.86500342
1.22E-08,6.034,-30.10150456
1.22E-08,6.035,-30.32970944
1.22E-08,6.036,-30.55022348
1.22E-08,6.037,-30.76358977
1.22E-08,6.038,-30.97029712
1.22E-08,6.039,-31.17078693
1.22E-08,6.04,-31.36545898
1.22E-08,6.041,-31.5546764
1.22E-08,6.042,-31.73876991
1.22E-08,6.043,-31.9180415
1.22E-08,6.044,-32.09276759
1.22E-08,6.045,-32.2632018
1.22E-08,6.046,-32.42957731
1.22E-08,6.047,-32.59210897
1.22E-08,6.048,-32.75099514
1.22E-08,6.049,-32.9064193
1.22E-08,6.05,-33.0585515
1.22E-08,6.051,-33.20754959
1.22E-08,6.052,-33.35356033
1.22E-08,6.053,-33.49672042
1.22E-08,6.054,-33.6371574
1.22E-08,6.055,-33.77499038
1.22E-08,6.056,-33.9103308
1.22E-08,6.057,-34.04328307
1.22E-08,6.058,-34.17394511
1.22E-08,6.059,-34.3024089
1.22E-08,6.06,-34.42876093
1.22E-08,6.061,-34.55308265
1.22E-08,6.062,-34.67545081
1.22E-08,6.063,-34.79593784
1.22E-08,6.064,-34.91461217
1.22E-08,6.065,-35.03153848
1.22E-08,6.066,-35.14677802
1.22E-08,6.067,-35.26038882
1.22E-08,6.068,-35.37242589
1.22E-08,6.069,-35.48294148
1.22E-08,6.07,-35.5919852
1.22E-08,6.071,-35.69960424
1.22E-08,6.072,-35.8058435
1.22E-08,6.073,-35.91074576
1.22E-08,6.074,-36.01435177
1.22E-08,6.075,-36.11670042
1.22E-08,6.076,-36.21782884
1.22E-08,6.077,-36.31777247
1.22E-08,6.078,-36.41656524
1.22E-08,6.079,-36.51423955
1.22E-08,6.08,-36.61082645
1.22E-08,6.081,-36.70635568
1.22E-08,6.082,-36.80085574
1.22E-08,6.083,-36.89435395
1.22E-08,6.084,-36.98687654
1.22E-08,6.085,-37.0784487
1.22E-08,6.086,-37.16909463
1.22E-08,6.087,-37.25883757
1.22E-08,6.088,-37.3476999
1.22E-08,6.089,-37.43570314
1.22E-08,6.09,-37.52286801
1.22E-08,6.091,-37.60921448
1.22E-08,6.092,-37.69476178
1.22E-08,6.093,-37.77952846
1.22E-08,6.094,-37.86353242
1.22E-08,6.095,-37.94679092
1.22E-08,6.096,-38.02932064
1.22E-08,6.097,-38.11113767
1.22E-08,6.098,-38.19225759
1.22E-08,6.099,-38.27269543
1.22E-08,6.1,-38.35246575
1.23E-08,5.85,-34.26651019
1.23E-08,5.851,-34.17990846
1.23E-08,5.852,-34.0922221
1.23E-08,5.853,-34.00342388
1.23E-08,5.854,-33.91348553
1.23E-08,5.855,-33.82237767
1.23E-08,5.856,-33.73006979
1.23E-08,5.857,-33.63653013
1.23E-08,5.858,-33.54172568
1.23E-08,5.859,-33.44562204
1.23E-08,5.86,-33.3481834
1.23E-08,5.861,-33.24937245
1.23E-08,5.862,-33.14915027
1.23E-08,5.863,-33.04747625
1.23E-08,5.864,-32.944308
1.23E-08,5.865,-32.83960126
1.23E-08,5.866,-32.73330973
1.23E-08,5.867,-32.62538501
1.23E-08,5.868,-32.51577642
1.23E-08,5.869,-32.40443089
1.23E-08,5.87,-32.2912928
1.23E-08,5.871,-32.1763038
1.23E-08,5.872,-32.05940265
1.23E-08,5.873,-31.940525
1.23E-08,5.874,-31.81960323
1.23E-08,5.875,-31.69656615
1.23E-08,5.876,-31.57133881
1.23E-08,5.877,-31.4438422
1.23E-08,5.878,-31.31399297
1.23E-08,5.879,-31.18170311
1.23E-08,5.88,-31.04687956
1.23E-08,5.881,-30.90942389
1.23E-08,5.882,-30.76923182
1.23E-08,5.883,-30.62619277
1.23E-08,5.884,-30.48018937
1.23E-08,5.885,-30.33109688
1.23E-08,5.886,-30.17878254
1.23E-08,5.887,-30.02310493
1.23E-08,5.888,-29.86391317
1.23E-08,5.889,-29.70104608
1.23E-08,5.89,-29.53433123
1.23E-08,5.891,-29.36358388
1.23E-08,5.892,-29.18860578
1.23E-08,5.893,-29.00918387
1.23E-08,5.894,-28.82508875
1.23E-08,5.895,-28.63607303
1.23E-08,5.896,-28.44186938
1.23E-08,5.897,-28.24218836
1.23E-08,5.898,-28.036716
1.23E-08,5.899,-27.82511092
1.23E-08,5.9,-27.60700113
1.23E-08,5.901,-27.3819803
1.23E-08,5.902,-27.14960346
1.23E-08,5.903,-26.909382
1.23E-08,5.904,-26.66077789
1.23E-08,5.905,-26.40319684
1.23E-08,5.906,-26.13598034
1.23E-08,5.907,-25.85839614
1.23E-08,5.908,-25.56962705
1.23E-08,5.909,-25.2687574
1.23E-08,5.91,-24.95475688
1.23E-08,5.911,-24.6264608
1.23E-08,5.912,-24.28254603
1.23E-08,5.913,-23.92150134
1.23E-08,5.914,-23.54159056
1.23E-08,5.915,-23.14080625
1.23E-08,5.916,-22.71681095
1.23E-08,5.917,-22.26686186
1.23E-08,5.918,-21.78771274
1.23E-08,5.919,-21.27548477
1.23E-08,5.92,-20.7254935
1.23E-08,5.921,-20.13201298
1.23E-08,5.922,-19.48794806
1.23E-08,5.923,-18.78436884
1.23E-08,5.924,-18.00983252
1.23E-08,5.925,-17.14936762
1.23E-08,5.926,-16.18290283
1.23E-08,5.927,-15.08274878
1.23E-08,5.928,-13.80940364
1.23E-08,5.929,-12.3043073
1.23E-08,5.93,-10.47712763
1.23E-08,5.931,-8.185565694
1.23E-08,5.932,-5.231805542
1.23E-08,5.933,-1.718338329
1.23E-08,5.934,-0.470831243
1.23E-08,5.935,-3.641277144
1.23E-08,5.936,-7.14369069
1.23E-08,5.937,-9.925726182
1.23E-08,5.938,-12.1457093
1.23E-08,5.939,-13.97973996
1.23E-08,5.94,-15.54250559
1.23E-08,5.941,-16.90732851
1.23E-08,5.942,-18.12281175
1.23E-08,5.943,-19.22253932
1.23E-08,5.944,-20.23062039
1.23E-08,5.945,-21.164956
1.23E-08,5.946,-22.03924042
1.23E-08,5.947,-22.86423565
1.23E-08,5.948,-23.64861273
1.23E-08,5.949,-24.39952572
1.23E-08,5.95,-25.12301613
1.23E-08,5.951,-25.82430661
1.23E-08,5.952,-26.508022
1.23E-08,5.953,-27.17836145
1.23E-08,5.954,-27.83923874
1.23E-08,5.955,-28.49440244
1.23E-08,5.956,-29.1475456
1.23E-08,5.957,-29.80241202
1.23E-08,5.958,-30.4629075
1.23E-08,5.959,-31.1332236
1.23E-08,5.96,-31.81798403
1.23E-08,5.961,-32.522427
1.23E-08,5.962,-33.25264262
1.23E-08,5.963,-34.01589377
1.23E-08,5.964,-34.82106573
1.23E-08,5.965,-35.67931882
1.23E-08,5.966,-36.60507135
1.23E-08,5.967,-37.61754203
1.23E-08,5.968,-38.74329102
1.23E-08,5.969,-40.02065631
1.23E-08,5.97,-41.50809309
1.23E-08,5.971,-43.30143665
1.23E-08,5.972,-45.57476128
1.23E-08,5.973,-48.69868488
1.23E-08,5.974,-53.72779327
1.23E-08,5.975,-67.75344637
1.23E-08,5.976,-57.820881
1.23E-08,5.977,-50.34971676
1.23E-08,5.978,-46.26542764
1.23E-08,5.979,-43.38647401
1.23E-08,5.98,-41.12365533
1.23E-08,5.981,-39.22940643
1.23E-08,5.982,-37.57522458
1.23E-08,5.983,-36.08502589
1.23E-08,5.984,-34.70927826
1.23E-08,5.985,-33.41316134
1.23E-08,5.986,-32.17045195
1.23E-08,5.987,-30.96003172
1.23E-08,5.988,-29.7636803
1.23E-08,5.989,-28.56450474
1.23E-08,5.99,-27.34563877
1.23E-08,5.991,-26.08895323
1.23E-08,5.992,-24.77352539
1.23E-08,5.993,-23.37352409
1.23E-08,5.994,-21.85492614
1.23E-08,5.995,-20.16990946
1.23E-08,5.996,-18.2463827
1.23E-08,5.997,-15.96645561
1.23E-08,5.998,-13.11704509
1.23E-08,5.999,-9.266080881
1.23E-08,6,-3.623103545
1.23E-08,6.001,-0.914179753
1.23E-08,6.002,-6.591329548
1.23E-08,6.003,-10.69439034
1.23E-08,6.004,-13.48259957
1.23E-08,6.005,-15.54846519
1.23E-08,6.006,-17.17409355
1.23E-08,6.007,-18.50680175
1.23E-08,6.008,-19.63185236
1.23E-08,6.009,-20.60265578
1.23E-08,6.01,-21.45474319
1.23E-08,6.011,-22.21288089
1.23E-08,6.012,-22.89498411
1.23E-08,6.013,-23.51440831
1.23E-08,6.014,-24.08136087
1.23E-08,6.015,-24.60380811
1.23E-08,6.016,-25.08807924
1.23E-08,6.017,-25.53928069
1.23E-08,6.018,-25.96158791
1.23E-08,6.019,-26.35845557
1.23E-08,6.02,-26.73277194
1.23E-08,6.021,-27.08697439
1.23E-08,6.022,-27.4231371
1.23E-08,6.023,-27.74303852
1.23E-08,6.024,-28.04821409
1.23E-08,6.025,-28.3399978
1.23E-08,6.026,-28.61955529
1.23E-08,6.027,-28.88791049
1.23E-08,6.028,-29.14596728
1.23E-08,6.029,-29.39452718
1.23E-08,6.03,-29.63430394
1.23E-08,6.031,-29.86593567
1.23E-08,6.032,-30.08999491
1.23E-08,6.033,-30.3069972
1.23E-08,6.034,-30.51740821
1.23E-08,6.035,-30.72164988
1.23E-08,6.036,-30.9201056
1.23E-08,6.037,-31.11312467
1.23E-08,6.038,-31.30102619
1.23E-08,6.039,-31.48410235
1.23E-08,6.04,-31.66262131
1.23E-08,6.041,-31.83682974
1.23E-08,6.042,-32.00695503
1.23E-08,6.043,-32.17320716
1.23E-08,6.044,-32.33578045
1.23E-08,6.045,-32.49485506
1.23E-08,6.046,-32.65059827
1.23E-08,6.047,-32.8031657
1.23E-08,6.048,-32.95270233
1.23E-08,6.049,-33.09934346
1.23E-08,6.05,-33.2432155
1.23E-08,6.051,-33.38443677
1.23E-08,6.052,-33.52311814
1.23E-08,6.053,-33.65936364
1.23E-08,6.054,-33.793271
1.23E-08,6.055,-33.92493218
1.23E-08,6.056,-34.05443375
1.23E-08,6.057,-34.18185734
1.23E-08,6.058,-34.30728
1.23E-08,6.059,-34.43077454
1.23E-08,6.06,-34.55240981
1.23E-08,6.061,-34.672251
1.23E-08,6.062,-34.7903599
1.23E-08,6.063,-34.90679511
1.23E-08,6.064,-35.02161226
1.23E-08,6.065,-35.13486422
1.23E-08,6.066,-35.24660127
1.23E-08,6.067,-35.35687128
1.23E-08,6.068,-35.46571982
1.23E-08,6.069,-35.57319036
1.23E-08,6.07,-35.67932436
1.23E-08,6.071,-35.78416141
1.23E-08,6.072,-35.88773932
1.23E-08,6.073,-35.99009425
1.23E-08,6.074,-36.0912608
1.23E-08,6.075,-36.19127208
1.23E-08,6.076,-36.29015982
1.23E-08,6.077,-36.38795443
1.23E-08,6.078,-36.48468508
1.23E-08,6.079,-36.58037975
1.23E-08,6.08,-36.67506533
1.23E-08,6.081,-36.76876763
1.23E-08,6.082,-36.86151148
1.23E-08,6.083,-36.95332077
1.23E-08,6.084,-37.04421845
1.23E-08,6.085,-37.13422667
1.23E-08,6.086,-37.22336671
1.23E-08,6.087,-37.31165913
1.23E-08,6.088,-37.39912372
1.23E-08,6.089,-37.48577959
1.23E-08,6.09,-37.57164516
1.23E-08,6.091,-37.65673825
1.23E-08,6.092,-37.74107602
1.23E-08,6.093,-37.82467512
1.23E-08,6.094,-37.90755158
1.23E-08,6.095,-37.98972094
1.23E-08,6.096,-38.07119823
1.23E-08,6.097,-38.151998
1.23E-08,6.098,-38.23213433
1.23E-08,6.099,-38.31162084
1.23E-08,6.1,-38.39047078
1.23E-08,5.85,-34.22519053
1.23E-08,5.851,-34.1374219
1.23E-08,5.852,-34.04852402
1.23E-08,5.853,-33.9584675
1.23E-08,5.854,-33.86722175
1.23E-08,5.855,-33.77475496
1.23E-08,5.856,-33.681034
1.23E-08,5.857,-33.58602437
1.23E-08,5.858,-33.4896901
1.23E-08,5.859,-33.39199368
1.23E-08,5.86,-33.292896
1.23E-08,5.861,-33.19235618
1.23E-08,5.862,-33.09033154
1.23E-08,5.863,-32.98677746
1.23E-08,5.864,-32.88164725
1.23E-08,5.865,-32.77489204
1.23E-08,5.866,-32.66646065
1.23E-08,5.867,-32.55629941
1.23E-08,5.868,-32.44435204
1.23E-08,5.869,-32.33055941
1.23E-08,5.87,-32.21485945
1.23E-08,5.871,-32.09718685
1.23E-08,5.872,-31.97747289
1.23E-08,5.873,-31.85564519
1.23E-08,5.874,-31.73162743
1.23E-08,5.875,-31.60533909
1.23E-08,5.876,-31.47669512
1.23E-08,5.877,-31.34560558
1.23E-08,5.878,-31.21197531
1.23E-08,5.879,-31.07570348
1.23E-08,5.88,-30.93668313
1.23E-08,5.881,-30.79480072
1.23E-08,5.882,-30.64993554
1.23E-08,5.883,-30.50195908
1.23E-08,5.884,-30.35073443
1.23E-08,5.885,-30.19611545
1.23E-08,5.886,-30.03794602
1.23E-08,5.887,-29.87605904
1.23E-08,5.888,-29.71027543
1.23E-08,5.889,-29.54040299
1.23E-08,5.89,-29.36623505
1.23E-08,5.891,-29.18754908
1.23E-08,5.892,-29.00410495
1.23E-08,5.893,-28.81564314
1.23E-08,5.894,-28.62188259
1.23E-08,5.895,-28.42251827
1.23E-08,5.896,-28.21721844
1.23E-08,5.897,-28.00562151
1.23E-08,5.898,-27.78733235
1.23E-08,5.899,-27.56191812
1.23E-08,5.9,-27.32890339
1.23E-08,5.901,-27.08776446
1.23E-08,5.902,-26.83792271
1.23E-08,5.903,-26.57873676
1.23E-08,5.904,-26.30949322
1.23E-08,5.905,-26.0293957
1.23E-08,5.906,-25.73755164
1.23E-08,5.907,-25.43295643
1.23E-08,5.908,-25.11447419
1.23E-08,5.909,-24.78081425
1.23E-08,5.91,-24.43050222
1.23E-08,5.911,-24.06184395
1.23E-08,5.912,-23.67288042
1.23E-08,5.913,-23.2613304
1.23E-08,5.914,-22.82451699
1.23E-08,5.915,-22.35927211
1.23E-08,5.916,-21.86181062
1.23E-08,5.917,-21.32756194
1.23E-08,5.918,-20.75094045
1.23E-08,5.919,-20.12502666
1.23E-08,5.92,-19.44111438
1.23E-08,5.921,-18.68805069
1.23E-08,5.922,-17.85124648
1.23E-08,5.923,-16.91114257
1.23E-08,5.924,-15.84074061
1.23E-08,5.925,-14.60145468
1.23E-08,5.926,-13.13581581
1.23E-08,5.927,-11.3541272
1.23E-08,5.928,-9.110355917
1.23E-08,5.929,-6.173933909
1.23E-08,5.93,-2.427749027
1.23E-08,5.931,-0.328569293
1.23E-08,5.932,-3.547797105
1.23E-08,5.933,-7.366016651
1.23E-08,5.934,-10.3406929
1.23E-08,5.935,-12.68329353
1.23E-08,5.936,-14.60564331
1.23E-08,5.937,-16.2389344
1.23E-08,5.938,-17.664628
1.23E-08,5.939,-18.93575165
1.23E-08,5.94,-20.08853235
1.23E-08,5.941,-21.1488069
1.23E-08,5.942,-22.13571078
1.23E-08,5.943,-23.06390232
1.23E-08,5.944,-23.94496464
1.23E-08,5.945,-24.78832649
1.23E-08,5.946,-25.6018911
1.23E-08,5.947,-26.39248322
1.23E-08,5.948,-27.16618157
1.23E-08,5.949,-27.9285781
1.23E-08,5.95,-28.68499407
1.23E-08,5.951,-29.44067297
1.23E-08,5.952,-30.2009682
1.23E-08,5.953,-30.97154184
1.23E-08,5.954,-31.75859299
1.23E-08,5.955,-32.56913989
1.23E-08,5.956,-33.41138918
1.23E-08,5.957,-34.29524574
1.23E-08,5.958,-35.23304795
1.23E-08,5.959,-36.24067718
1.23E-08,5.96,-37.3393112
1.23E-08,5.961,-38.55834411
1.23E-08,5.962,-39.94056707
1.23E-08,5.963,-41.55211509
1.23E-08,5.964,-43.50367641
1.23E-08,5.965,-46.00290075
1.23E-08,5.966,-49.51711864
1.23E-08,5.967,-55.54667798
1.23E-08,5.968,-94.34016675
1.23E-08,5.969,-55.21913189
1.23E-08,5.97,-49.15527683
1.23E-08,5.971,-45.53968718
1.23E-08,5.972,-42.92013364
1.23E-08,5.973,-40.83813323
1.23E-08,5.974,-39.08827243
1.23E-08,5.975,-37.5601308
1.23E-08,5.976,-36.18701022
1.23E-08,5.977,-34.92507697
1.23E-08,5.978,-33.74352455
1.23E-08,5.979,-32.61940492
1.23E-08,5.98,-31.53466747
1.23E-08,5.981,-30.47432355
1.23E-08,5.982,-29.4252124
1.23E-08,5.983,-28.37508613
1.23E-08,5.984,-27.31184387
1.23E-08,5.985,-26.22279236
1.23E-08,5.986,-25.09381862
1.23E-08,5.987,-23.90833521
1.23E-08,5.988,-22.64578791
1.23E-08,5.989,-21.27936003
1.23E-08,5.99,-19.77217774
1.23E-08,5.991,-18.07057449
1.23E-08,5.992,-16.09117976
1.23E-08,5.993,-13.69395513
1.23E-08,5.994,-10.62144361
1.23E-08,5.995,-6.381017324
1.23E-08,5.996,-1.012442026
1.23E-08,5.997,-2.592177238
1.23E-08,5.998,-7.49431027
1.23E-08,5.999,-10.91097076
1.23E-08,6,-13.36343939
1.23E-08,6.001,-15.24583992
1.23E-08,6.002,-16.76207945
1.23E-08,6.003,-18.02588832
1.23E-08,6.004,-19.10615598
1.23E-08,6.005,-20.04747072
1.23E-08,6.006,-20.88023228
1.23E-08,6.007,-21.62604018
1.23E-08,6.008,-22.30076172
1.23E-08,6.009,-22.91637738
1.23E-08,6.01,-23.48214266
1.23E-08,6.011,-24.00534803
1.23E-08,6.012,-24.49183268
1.23E-08,6.013,-24.94634135
1.23E-08,6.014,-25.37277857
1.23E-08,6.015,-25.77439347
1.23E-08,6.016,-26.15391671
1.23E-08,6.017,-26.51366378
1.23E-08,6.018,-26.85561381
1.23E-08,6.019,-27.18147077
1.23E-08,6.02,-27.49271141
1.23E-08,6.021,-27.79062332
1.23E-08,6.022,-28.07633537
1.23E-08,6.023,-28.35084235
1.23E-08,6.024,-28.61502503
1.23E-08,6.025,-28.86966664
1.23E-08,6.026,-29.11546653
1.23E-08,6.027,-29.35305151
1.23E-08,6.028,-29.58298538
1.23E-08,6.029,-29.80577697
1.23E-08,6.03,-30.02188691
1.23E-08,6.031,-30.23173346
1.23E-08,6.032,-30.43569743
1.23E-08,6.033,-30.63412646
1.23E-08,6.034,-30.82733871
1.23E-08,6.035,-31.01562604
1.23E-08,6.036,-31.19925678
1.23E-08,6.037,-31.37847815
1.23E-08,6.038,-31.55351839
1.23E-08,6.039,-31.72458864
1.23E-08,6.04,-31.89188454
1.23E-08,6.041,-32.05558774
1.23E-08,6.042,-32.21586714
1.23E-08,6.043,-32.37288007
1.23E-08,6.044,-32.5267733
1.23E-08,6.045,-32.67768395
1.23E-08,6.046,-32.8257403
1.23E-08,6.047,-32.97106256
1.23E-08,6.048,-33.11376347
1.23E-08,6.049,-33.25394895
1.23E-08,6.05,-33.3917186
1.23E-08,6.051,-33.52716622
1.23E-08,6.052,-33.66038021
1.23E-08,6.053,-33.79144402
1.23E-08,6.054,-33.92043646
1.23E-08,6.055,-34.04743206
1.23E-08,6.056,-34.17250139
1.23E-08,6.057,-34.29571131
1.23E-08,6.058,-34.41712521
1.23E-08,6.059,-34.53680329
1.23E-08,6.06,-34.65480272
1.23E-08,6.061,-34.7711779
1.23E-08,6.062,-34.88598055
1.23E-08,6.063,-34.99925998
1.23E-08,6.064,-35.11106316
1.23E-08,6.065,-35.22143491
1.23E-08,6.066,-35.330418
1.23E-08,6.067,-35.43805329
1.23E-08,6.068,-35.54437985
1.23E-08,6.069,-35.64943505
1.23E-08,6.07,-35.75325465
1.23E-08,6.071,-35.8558729
1.23E-08,6.072,-35.95732265
1.23E-08,6.073,-36.05763537
1.23E-08,6.074,-36.15684128
1.23E-08,6.075,-36.25496938
1.23E-08,6.076,-36.35204753
1.23E-08,6.077,-36.44810252
1.23E-08,6.078,-36.54316009
1.23E-08,6.079,-36.63724502
1.23E-08,6.08,-36.73038117
1.23E-08,6.081,-36.82259152
1.23E-08,6.082,-36.91389818
1.23E-08,6.083,-37.00432251
1.23E-08,6.084,-37.09388509
1.23E-08,6.085,-37.18260578
1.23E-08,6.086,-37.27050374
1.23E-08,6.087,-37.35759749
1.23E-08,6.088,-37.44390492
1.23E-08,6.089,-37.52944332
1.23E-08,6.09,-37.6142294
1.23E-08,6.091,-37.69827934
1.23E-08,6.092,-37.78160878
1.23E-08,6.093,-37.86423287
1.23E-08,6.094,-37.94616629
1.23E-08,6.095,-38.02742325
1.23E-08,6.096,-38.10801751
1.23E-08,6.097,-38.18796243
1.23E-08,6.098,-38.26727096
1.23E-08,6.099,-38.34595566
1.23E-08,6.1,-38.42402871
1.23E-08,5.85,-34.17839934
1.23E-08,5.851,-34.08925153
1.23E-08,5.852,-33.99891941
1.23E-08,5.853,-33.90737076
1.23E-08,5.854,-33.81457204
1.23E-08,5.855,-33.72048823
1.23E-08,5.856,-33.62508284
1.23E-08,5.857,-33.52831775
1.23E-08,5.858,-33.43015318
1.23E-08,5.859,-33.33054752
1.23E-08,5.86,-33.22945728
1.23E-08,5.861,-33.12683693
1.23E-08,5.862,-33.02263878
1.23E-08,5.863,-32.91681289
1.23E-08,5.864,-32.80930685
1.23E-08,5.865,-32.70006566
1.23E-08,5.866,-32.58903156
1.23E-08,5.867,-32.47614383
1.23E-08,5.868,-32.36133856
1.23E-08,5.869,-32.2445485
1.23E-08,5.87,-32.12570275
1.23E-08,5.871,-32.00472651
1.23E-08,5.872,-31.88154082
1.23E-08,5.873,-31.75606222
1.23E-08,5.874,-31.62820242
1.23E-08,5.875,-31.49786791
1.23E-08,5.876,-31.36495955
1.23E-08,5.877,-31.22937212
1.23E-08,5.878,-31.09099381
1.23E-08,5.879,-30.94970568
1.23E-08,5.88,-30.80538101
1.23E-08,5.881,-30.65788466
1.23E-08,5.882,-30.5070723
1.23E-08,5.883,-30.35278954
1.23E-08,5.884,-30.19487105
1.23E-08,5.885,-30.03313944
1.23E-08,5.886,-29.86740415
1.23E-08,5.887,-29.69746008
1.23E-08,5.888,-29.5230861
1.23E-08,5.889,-29.34404342
1.23E-08,5.89,-29.1600736
1.23E-08,5.891,-28.97089644
1.23E-08,5.892,-28.77620749
1.23E-08,5.893,-28.57567522
1.23E-08,5.894,-28.36893775
1.23E-08,5.895,-28.15559914
1.23E-08,5.896,-27.93522502
1.23E-08,5.897,-27.70733756
1.23E-08,5.898,-27.47140961
1.23E-08,5.899,-27.22685778
1.23E-08,5.9,-26.9730343
1.23E-08,5.901,-26.70921741
1.23E-08,5.902,-26.43459987
1.23E-08,5.903,-26.14827514
1.23E-08,5.904,-25.84922081
1.23E-08,5.905,-25.53627832
1.23E-08,5.906,-25.20812821
1.23E-08,5.907,-24.86325946
1.23E-08,5.908,-24.4999313
1.23E-08,5.909,-24.11612514
1.23E-08,5.91,-23.70948327
1.23E-08,5.911,-23.27723
1.23E-08,5.912,-22.8160686
1.23E-08,5.913,-22.32204486
1.23E-08,5.914,-21.79036326
1.23E-08,5.915,-21.21513499
1.23E-08,5.916,-20.58902495
1.23E-08,5.917,-19.90274602
1.23E-08,5.918,-19.14431408
1.23E-08,5.919,-18.29791674
1.23E-08,5.92,-17.34213219
1.23E-08,5.921,-16.24700498
1.23E-08,5.922,-14.96900763
1.23E-08,5.923,-13.44187494
1.23E-08,5.924,-11.55902193
1.23E-08,5.925,-9.139433767
1.23E-08,5.926,-5.882735973
1.23E-08,5.927,-1.732383323
1.23E-08,5.928,-0.881921593
1.23E-08,5.929,-5.165459357
1.23E-08,5.93,-8.980931306
1.23E-08,5.931,-11.86791136
1.23E-08,5.932,-14.15134404
1.23E-08,5.933,-16.04247634
1.23E-08,5.934,-17.6649677
1.23E-08,5.935,-19.09491447
1.23E-08,5.936,-20.38202624
1.23E-08,5.937,-21.56055452
1.23E-08,5.938,-22.65522094
1.23E-08,5.939,-23.68462173
1.23E-08,5.94,-24.663292
1.23E-08,5.941,-25.60302166
1.23E-08,5.942,-26.51373769
1.23E-08,5.943,-27.40412741
1.23E-08,5.944,-28.28210735
1.23E-08,5.945,-29.1552041
1.23E-08,5.946,-30.03089307
1.23E-08,5.947,-30.91693417
1.23E-08,5.948,-31.8217414
1.23E-08,5.949,-32.75483188
1.23E-08,5.95,-33.72741816
1.23E-08,5.951,-34.75324382
1.23E-08,5.952,-35.84983447
1.23E-08,5.953,-37.04047793
1.23E-08,5.954,-38.35754994
1.23E-08,5.955,-39.84849691
1.23E-08,5.956,-41.58755729
1.23E-08,5.957,-43.70147945
1.23E-08,5.958,-46.43585244
1.23E-08,5.959,-50.37648482
1.23E-08,5.96,-57.68978231
1.23E-08,5.961,-67.66769341
1.23E-08,5.962,-53.40508781
1.23E-08,5.963,-48.23566659
1.23E-08,5.964,-44.97852355
1.23E-08,5.965,-42.57318004
1.23E-08,5.966,-40.64698592
1.23E-08,5.967,-39.02457928
1.23E-08,5.968,-37.60903233
1.23E-08,5.969,-36.34082939
1.23E-08,5.97,-35.18053084
1.23E-08,5.971,-34.10038775
1.23E-08,5.972,-33.07986482
1.23E-08,5.973,-32.10305707
1.23E-08,5.974,-31.15709768
1.23E-08,5.975,-30.2311134
1.23E-08,5.976,-29.31549393
1.23E-08,5.977,-28.40133888
1.23E-08,5.978,-27.47999969
1.23E-08,5.979,-26.54265461
1.23E-08,5.98,-25.57986515
1.23E-08,5.981,-24.58105707
1.23E-08,5.982,-23.53385316
1.23E-08,5.983,-22.42314411
1.23E-08,5.984,-21.22971173
1.23E-08,5.985,-19.92806739
1.23E-08,5.986,-18.48286423
1.23E-08,5.987,-16.84257308
1.23E-08,5.988,-14.92757523
1.23E-08,5.989,-12.60617052
1.23E-08,5.99,-9.644805878
1.23E-08,5.991,-5.642351788
1.23E-08,5.992,-0.913546307
1.23E-08,5.993,-2.114636533
1.23E-08,5.994,-6.626544859
1.23E-08,5.995,-9.973049162
1.23E-08,5.996,-12.4214883
1.23E-08,5.997,-14.31709487
1.23E-08,5.998,-15.85185062
1.23E-08,5.999,-17.13573141
1.23E-08,6,-18.23623527
1.23E-08,6.001,-19.19738544
1.23E-08,6.002,-20.04934668
1.23E-08,6.003,-20.81362799
1.23E-08,6.004,-21.50607345
1.23E-08,6.005,-22.13867271
1.23E-08,6.006,-22.72070596
1.23E-08,6.007,-23.25949554
1.23E-08,6.008,-23.76091512
1.23E-08,6.009,-24.22974434
1.23E-08,6.01,-24.66992178
1.23E-08,6.011,-25.08472914
1.23E-08,6.012,-25.47692793
1.23E-08,6.013,-25.84886259
1.23E-08,6.014,-26.20253939
1.23E-08,6.015,-26.53968762
1.23E-08,6.016,-26.86180766
1.23E-08,6.017,-27.17020915
1.23E-08,6.018,-27.46604148
1.23E-08,6.019,-27.75031862
1.23E-08,6.02,-28.02393921
1.23E-08,6.021,-28.2877032
1.23E-08,6.022,-28.54232552
1.23E-08,6.023,-28.78844762
1.23E-08,6.024,-29.02664695
1.23E-08,6.025,-29.25744516
1.23E-08,6.026,-29.4813149
1.23E-08,6.027,-29.69868571
1.23E-08,6.028,-29.909949
1.23E-08,6.029,-30.1154624
1.23E-08,6.03,-30.31555345
1.23E-08,6.031,-30.51052286
1.23E-08,6.032,-30.70064731
1.23E-08,6.033,-30.88618189
1.23E-08,6.034,-31.06736228
1.23E-08,6.035,-31.24440666
1.23E-08,6.036,-31.41751732
1.23E-08,6.037,-31.58688221
1.23E-08,6.038,-31.7526762
1.23E-08,6.039,-31.9150623
1.23E-08,6.04,-32.07419263
1.23E-08,6.041,-32.23020943
1.23E-08,6.042,-32.38324582
1.23E-08,6.043,-32.53342661
1.23E-08,6.044,-32.68086893
1.23E-08,6.045,-32.82568289
1.23E-08,6.046,-32.96797207
1.23E-08,6.047,-33.10783404
1.23E-08,6.048,-33.24536084
1.23E-08,6.049,-33.38063935
1.23E-08,6.05,-33.51375168
1.23E-08,6.051,-33.64477552
1.23E-08,6.052,-33.77378445
1.23E-08,6.053,-33.90084818
1.23E-08,6.054,-34.02603289
1.23E-08,6.055,-34.14940139
1.23E-08,6.056,-34.2710134
1.23E-08,6.057,-34.39092571
1.23E-08,6.058,-34.50919238
1.23E-08,6.059,-34.62586494
1.23E-08,6.06,-34.74099249
1.23E-08,6.061,-34.85462189
1.23E-08,6.062,-34.96679789
1.23E-08,6.063,-35.07756324
1.23E-08,6.064,-35.18695883
1.23E-08,6.065,-35.29502376
1.23E-08,6.066,-35.40179549
1.23E-08,6.067,-35.50730988
1.23E-08,6.068,-35.61160133
1.23E-08,6.069,-35.71470282
1.23E-08,6.07,-35.816646
1.23E-08,6.071,-35.91746126
1.23E-08,6.072,-36.01717783
1.23E-08,6.073,-36.11582375
1.23E-08,6.074,-36.21342604
1.23E-08,6.075,-36.31001068
1.23E-08,6.076,-36.40560269
1.23E-08,6.077,-36.50022615
1.23E-08,6.078,-36.59390428
1.23E-08,6.079,-36.68665949
1.23E-08,6.08,-36.77851334
1.23E-08,6.081,-36.8694867
1.23E-08,6.082,-36.95959966
1.23E-08,6.083,-37.04887166
1.23E-08,6.084,-37.13732148
1.23E-08,6.085,-37.22496726
1.23E-08,6.086,-37.31182654
1.23E-08,6.087,-37.3979163
1.23E-08,6.088,-37.48325298
1.23E-08,6.089,-37.56785246
1.23E-08,6.09,-37.65173015
1.23E-08,6.091,-37.73490097
1.23E-08,6.092,-37.81737938
1.23E-08,6.093,-37.8991794
1.23E-08,6.094,-37.98031462
1.23E-08,6.095,-38.06079822
1.23E-08,6.096,-38.14064302
1.23E-08,6.097,-38.21986142
1.23E-08,6.098,-38.29846549
1.23E-08,6.099,-38.37646695
1.23E-08,6.1,-38.45387718
1.23E-08,5.85,-34.12497191
1.23E-08,5.851,-34.03417413
1.23E-08,5.852,-33.94212292
1.23E-08,5.853,-33.84878237
1.23E-08,5.854,-33.75411497
1.23E-08,5.855,-33.65808151
1.23E-08,5.856,-33.56064099
1.23E-08,5.857,-33.46175051
1.23E-08,5.858,-33.36136512
1.23E-08,5.859,-33.25943773
1.23E-08,5.86,-33.15591896
1.23E-08,5.861,-33.05075696
1.23E-08,5.862,-32.94389729
1.23E-08,5.863,-32.8352827
1.23E-08,5.864,-32.72485296
1.23E-08,5.865,-32.61254467
1.23E-08,5.866,-32.49829099
1.23E-08,5.867,-32.3820214
1.23E-08,5.868,-32.26366146
1.23E-08,5.869,-32.14313247
1.23E-08,5.87,-32.02035119
1.23E-08,5.871,-31.89522944
1.23E-08,5.872,-31.76767374
1.23E-08,5.873,-31.63758484
1.23E-08,5.874,-31.50485731
1.23E-08,5.875,-31.36937895
1.23E-08,5.876,-31.23103024
1.23E-08,5.877,-31.0896837
1.23E-08,5.878,-30.94520317
1.23E-08,5.879,-30.79744301
1.23E-08,5.88,-30.6462472
1.23E-08,5.881,-30.4914484
1.23E-08,5.882,-30.33286677
1.23E-08,5.883,-30.17030878
1.23E-08,5.884,-30.00356576
1.23E-08,5.885,-29.83241235
1.23E-08,5.886,-29.65660465
1.23E-08,5.887,-29.47587824
1.23E-08,5.888,-29.28994579
1.23E-08,5.889,-29.09849441
1.23E-08,5.89,-28.90118264
1.23E-08,5.891,-28.69763683
1.23E-08,5.892,-28.48744716
1.23E-08,5.893,-28.27016285
1.23E-08,5.894,-28.04528664
1.23E-08,5.895,-27.81226839
1.23E-08,5.896,-27.57049736
1.23E-08,5.897,-27.31929329
1.23E-08,5.898,-27.05789559
1.23E-08,5.899,-26.78545058
1.23E-08,5.9,-26.50099589
1.23E-08,5.901,-26.20344176
1.23E-08,5.902,-25.89154794
1.23E-08,5.903,-25.56389541
1.23E-08,5.904,-25.21885107
1.23E-08,5.905,-24.85452339
1.23E-08,5.906,-24.46870621
1.23E-08,5.907,-24.05880646
1.23E-08,5.908,-23.62175019
1.23E-08,5.909,-23.15385857
1.23E-08,5.91,-22.65068167
1.23E-08,5.911,-22.10677161
1.23E-08,5.912,-21.5153668
1.23E-08,5.913,-20.86794203
1.23E-08,5.914,-20.15355071
1.23E-08,5.915,-19.35783339
1.23E-08,5.916,-18.46146952
1.23E-08,5.917,-17.43765766
1.23E-08,5.918,-16.24780662
1.23E-08,5.919,-14.83372687
1.23E-08,5.92,-13.10250171
1.23E-08,5.921,-10.89520529
1.23E-08,5.922,-7.923064586
1.23E-08,5.923,-3.753014478
1.23E-08,5.924,-0.269887753
1.23E-08,5.925,-4.099174689
1.23E-08,5.926,-8.599796601
1.23E-08,5.927,-11.90580493
1.23E-08,5.928,-14.45174546
1.23E-08,5.929,-16.52725874
1.23E-08,5.93,-18.29244098
1.23E-08,5.931,-19.84160492
1.23E-08,5.932,-21.23452813
1.23E-08,5.933,-22.51158908
1.23E-08,5.934,-23.70160553
1.23E-08,5.935,-24.82618986
1.23E-08,5.936,-25.90233278
1.23E-08,5.937,-26.94403516
1.23E-08,5.938,-27.96341065
1.23E-08,5.939,-28.97149117
1.23E-08,5.94,-29.97887727
1.23E-08,5.941,-30.99633133
1.23E-08,5.942,-32.03539671
1.23E-08,5.943,-33.10913447
1.23E-08,5.944,-34.23310202
1.23E-08,5.945,-35.42677636
1.23E-08,5.946,-36.7157853
1.23E-08,5.947,-38.1356644
1.23E-08,5.948,-39.73868888
1.23E-08,5.949,-41.60750258
1.23E-08,5.95,-43.88584198
1.23E-08,5.951,-46.86115828
1.23E-08,5.952,-51.26144639
1.23E-08,5.953,-60.27142451
1.23E-08,5.954,-62.28249133
1.23E-08,5.955,-52.0759916
1.23E-08,5.956,-47.52662453
1.23E-08,5.957,-44.55226684
1.23E-08,5.958,-42.32642297
1.23E-08,5.959,-40.53528737
1.23E-08,5.96,-39.02544809
1.23E-08,5.961,-37.71019895
1.23E-08,5.962,-36.53557785
1.23E-08,5.963,-35.46556359
1.23E-08,5.964,-34.47476249
1.23E-08,5.965,-33.54444688
1.23E-08,5.966,-32.66024989
1.23E-08,5.967,-31.81074288
1.23E-08,5.968,-30.98650995
1.23E-08,5.969,-30.17951659
1.23E-08,5.97,-29.38265527
1.23E-08,5.971,-28.58939927
1.23E-08,5.972,-27.79351984
1.23E-08,5.973,-26.98883467
1.23E-08,5.974,-26.16896261
1.23E-08,5.975,-25.32706082
1.23E-08,5.976,-24.45551635
1.23E-08,5.977,-23.54555713
1.23E-08,5.978,-22.58672957
1.23E-08,5.979,-21.56616018
1.23E-08,5.98,-20.46746318
1.23E-08,5.981,-19.26905041
1.23E-08,5.982,-17.94139432
1.23E-08,5.983,-16.44236621
1.23E-08,5.984,-14.70885338
1.23E-08,5.985,-12.6408568
1.23E-08,5.986,-10.07077104
1.23E-08,5.987,-6.718767919
1.23E-08,5.988,-2.419274884
1.23E-08,5.989,-0.475258182
1.23E-08,5.99,-4.218631811
1.23E-08,5.991,-7.909134647
1.23E-08,5.992,-10.64531339
1.23E-08,5.993,-12.74175945
1.23E-08,5.994,-14.42152279
1.23E-08,5.995,-15.81521403
1.23E-08,5.996,-17.00235978
1.23E-08,5.997,-18.03416893
1.23E-08,5.998,-18.94529581
1.23E-08,5.999,-19.76018077
1.23E-08,6,-20.49665835
1.23E-08,6.001,-21.16811659
1.23E-08,6.002,-21.78484755
1.23E-08,6.003,-22.35492477
1.23E-08,6.004,-22.88479225
1.23E-08,6.005,-23.37967127
1.23E-08,6.006,-23.84384839
1.23E-08,6.007,-24.28088382
1.23E-08,6.008,-24.69376509
1.23E-08,6.009,-25.08502234
1.23E-08,6.01,-25.45681617
1.23E-08,6.011,-25.81100543
1.23E-08,6.012,-26.1492003
1.23E-08,6.013,-26.4728042
1.23E-08,6.014,-26.78304733
1.23E-08,6.015,-27.0810137
1.23E-08,6.016,-27.36766312
1.23E-08,6.017,-27.64384923
1.23E-08,6.018,-27.91033439
1.23E-08,6.019,-28.16780211
1.23E-08,6.02,-28.41686738
1.23E-08,6.021,-28.65808544
1.23E-08,6.022,-28.89195917
1.23E-08,6.023,-29.11894536
1.23E-08,6.024,-29.33946016
1.23E-08,6.025,-29.55388362
1.23E-08,6.026,-29.76256378
1.23E-08,6.027,-29.96582004
1.23E-08,6.028,-30.16394622
1.23E-08,6.029,-30.35721321
1.23E-08,6.03,-30.54587119
1.23E-08,6.031,-30.73015175
1.23E-08,6.032,-30.9102696
1.23E-08,6.033,-31.08642419
1.23E-08,6.034,-31.25880108
1.23E-08,6.035,-31.4275732
1.23E-08,6.036,-31.59290198
1.23E-08,6.037,-31.75493827
1.23E-08,6.038,-31.91382333
1.23E-08,6.039,-32.06968951
1.23E-08,6.04,-32.22266109
1.23E-08,6.041,-32.37285482
1.23E-08,6.042,-32.52038056
1.23E-08,6.043,-32.6653418
1.23E-08,6.044,-32.80783615
1.23E-08,6.045,-32.94795573
1.23E-08,6.046,-33.08578764
1.23E-08,6.047,-33.22141424
1.23E-08,6.048,-33.35491355
1.23E-08,6.049,-33.4863595
1.23E-08,6.05,-33.61582224
1.23E-08,6.051,-33.74336839
1.23E-08,6.052,-33.86906125
1.23E-08,6.053,-33.99296103
1.23E-08,6.054,-34.11512506
1.23E-08,6.055,-34.23560794
1.23E-08,6.056,-34.35446172
1.23E-08,6.057,-34.4717361
1.23E-08,6.058,-34.58747849
1.23E-08,6.059,-34.70173421
1.23E-08,6.06,-34.81454659
1.23E-08,6.061,-34.92595707
1.23E-08,6.062,-35.03600535
1.23E-08,6.063,-35.14472944
1.23E-08,6.064,-35.25216578
1.23E-08,6.065,-35.35834931
1.23E-08,6.066,-35.46331357
1.23E-08,6.067,-35.56709076
1.23E-08,6.068,-35.66971183
1.23E-08,6.069,-35.7712065
1.23E-08,6.07,-35.87160338
1.23E-08,6.071,-35.97092998
1.23E-08,6.072,-36.0692128
1.23E-08,6.073,-36.16647734
1.23E-08,6.074,-36.2627482
1.23E-08,6.075,-36.35804908
1.23E-08,6.076,-36.45240283
1.23E-08,6.077,-36.54583152
1.23E-08,6.078,-36.63835643
1.23E-08,6.079,-36.72999814
1.23E-08,6.08,-36.8207765
1.23E-08,6.081,-36.91071072
1.23E-08,6.082,-36.99981937
1.23E-08,6.083,-37.0881204
1.23E-08,6.084,-37.17563118
1.23E-08,6.085,-37.26236855
1.23E-08,6.086,-37.34834878
1.23E-08,6.087,-37.43358765
1.23E-08,6.088,-37.51810046
1.23E-08,6.089,-37.60190202
1.23E-08,6.09,-37.6850067
1.23E-08,6.091,-37.76742844
1.23E-08,6.092,-37.84918077
1.23E-08,6.093,-37.93027682
1.23E-08,6.094,-38.01072932
1.23E-08,6.095,-38.09055066
1.23E-08,6.096,-38.16975286
1.23E-08,6.097,-38.24834762
1.23E-08,6.098,-38.32634628
1.23E-08,6.099,-38.40375988
1.23E-08,6.1,-38.48059919
1.24E-08,5.85,-34.06338745
1.24E-08,5.851,-33.970588
1.24E-08,5.852,-33.87644672
1.24E-08,5.853,-33.78092267
1.24E-08,5.854,-33.683973
1.24E-08,5.855,-33.58555276
1.24E-08,5.856,-33.48561481
1.24E-08,5.857,-33.38410965
1.24E-08,5.858,-33.28098528
1.24E-08,5.859,-33.176187
1.24E-08,5.86,-33.06965724
1.24E-08,5.861,-32.96133537
1.24E-08,5.862,-32.85115745
1.24E-08,5.863,-32.73905599
1.24E-08,5.864,-32.62495973
1.24E-08,5.865,-32.50879328
1.24E-08,5.866,-32.39047686
1.24E-08,5.867,-32.26992594
1.24E-08,5.868,-32.14705083
1.24E-08,5.869,-32.0217563
1.24E-08,5.87,-31.89394108
1.24E-08,5.871,-31.76349736
1.24E-08,5.872,-31.63031025
1.24E-08,5.873,-31.49425711
1.24E-08,5.874,-31.35520685
1.24E-08,5.875,-31.2130192
1.24E-08,5.876,-31.06754379
1.24E-08,5.877,-30.91861917
1.24E-08,5.878,-30.76607177
1.24E-08,5.879,-30.60971464
1.24E-08,5.88,-30.44934605
1.24E-08,5.881,-30.28474795
1.24E-08,5.882,-30.11568419
1.24E-08,5.883,-29.94189848
1.24E-08,5.884,-29.76311213
1.24E-08,5.885,-29.57902137
1.24E-08,5.886,-29.38929435
1.24E-08,5.887,-29.19356763
1.24E-08,5.888,-28.99144215
1.24E-08,5.889,-28.78247856
1.24E-08,5.89,-28.56619166
1.24E-08,5.891,-28.34204405
1.24E-08,5.892,-28.10943853
1.24E-08,5.893,-27.86770906
1.24E-08,5.894,-27.61611015
1.24E-08,5.895,-27.35380395
1.24E-08,5.896,-27.07984482
1.24E-08,5.897,-26.79316045
1.24E-08,5.898,-26.49252889
1.24E-08,5.899,-26.17655005
1.24E-08,5.9,-25.84361027
1.24E-08,5.901,-25.49183779
1.24E-08,5.902,-25.11904609
1.24E-08,5.903,-24.72266101
1.24E-08,5.904,-24.29962589
1.24E-08,5.905,-23.84627601
1.24E-08,5.906,-23.35817022
1.24E-08,5.907,-22.82986044
1.24E-08,5.908,-22.25457008
1.24E-08,5.909,-21.62373463
1.24E-08,5.91,-20.92632746
1.24E-08,5.911,-20.14783944
1.24E-08,5.912,-19.26867661
1.24E-08,5.913,-18.26153321
1.24E-08,5.914,-17.08685382
1.24E-08,5.915,-15.68448422
1.24E-08,5.916,-13.95709335
1.24E-08,5.917,-11.73428362
1.24E-08,5.918,-8.690368187
1.24E-08,5.919,-4.241028317
1.24E-08,5.92,-0.278560968
1.24E-08,5.921,-4.902364971
1.24E-08,5.922,-9.682687305
1.24E-08,5.923,-13.08935056
1.24E-08,5.924,-15.70105586
1.24E-08,5.925,-17.8353077
1.24E-08,5.926,-19.65990784
1.24E-08,5.927,-21.27219612
1.24E-08,5.928,-22.73366529
1.24E-08,5.929,-24.08606004
1.24E-08,5.93,-25.35957212
1.24E-08,5.931,-26.57737818
1.24E-08,5.932,-27.75836264
1.24E-08,5.933,-28.9188996
1.24E-08,5.934,-30.07414925
1.24E-08,5.935,-31.23913966
1.24E-08,5.936,-32.4298313
1.24E-08,5.937,-33.66435645
1.24E-08,5.938,-34.96469095
1.24E-08,5.939,-36.35918686
1.24E-08,5.94,-37.88679583
1.24E-08,5.941,-39.60478601
1.24E-08,5.942,-41.60436547
1.24E-08,5.943,-44.04677917
1.24E-08,5.944,-47.26431518
1.24E-08,5.945,-52.15086807
1.24E-08,5.946,-63.50294006
1.24E-08,5.947,-59.31875673
1.24E-08,5.948,-51.08095104
1.24E-08,5.949,-46.98485531
1.24E-08,5.95,-44.23823824
1.24E-08,5.951,-42.16417954
1.24E-08,5.952,-40.49044522
1.24E-08,5.953,-39.07992527
1.24E-08,5.954,-37.85373547
1.24E-08,5.955,-36.76223962
1.24E-08,5.956,-35.77209643
1.24E-08,5.957,-34.85974715
1.24E-08,5.958,-34.00784371
1.24E-08,5.959,-33.20315305
1.24E-08,5.96,-32.43525811
1.24E-08,5.961,-31.69571436
1.24E-08,5.962,-30.97747905
1.24E-08,5.963,-30.27450932
1.24E-08,5.964,-29.58146781
1.24E-08,5.965,-28.89349701
1.24E-08,5.966,-28.20603739
1.24E-08,5.967,-27.51467135
1.24E-08,5.968,-26.81497972
1.24E-08,5.969,-26.10239951
1.24E-08,5.97,-25.37207109
1.24E-08,5.971,-24.61866271
1.24E-08,5.972,-23.8361559
1.24E-08,5.973,-23.01756928
1.24E-08,5.974,-22.15458755
1.24E-08,5.975,-21.23704369
1.24E-08,5.976,-20.25217027
1.24E-08,5.977,-19.1834768
1.24E-08,5.978,-18.00900252
1.24E-08,5.979,-16.69848209
1.24E-08,5.98,-15.20853886
1.24E-08,5.981,-13.47415512
1.24E-08,5.982,-11.39306317
1.24E-08,5.983,-8.798892621
1.24E-08,5.984,-5.448772068
1.24E-08,5.985,-1.508517247
1.24E-08,5.986,-0.763482115
1.24E-08,5.987,-4.367042786
1.24E-08,5.988,-7.743273284
1.24E-08,5.989,-10.31539314
1.24E-08,5.99,-12.32466663
1.24E-08,5.991,-13.95526295
1.24E-08,5.992,-15.3203192
1.24E-08,5.993,-16.49083582
1.24E-08,5.994,-17.51347479
1.24E-08,5.995,-18.42027985
1.24E-08,5.996,-19.23410153
1.24E-08,5.997,-19.97175927
1.24E-08,5.998,-20.6459679
1.24E-08,5.999,-21.26655901
1.24E-08,6,-21.841283
1.24E-08,6.001,-22.37635249
1.24E-08,6.002,-22.87682016
1.24E-08,6.003,-23.34684804
1.24E-08,6.004,-23.78990332
1.24E-08,6.005,-24.20890344
1.24E-08,6.006,-24.6063254
1.24E-08,6.007,-24.98428933
1.24E-08,6.008,-25.34462323
1.24E-08,6.009,-25.68891373
1.24E-08,6.01,-26.01854637
1.24E-08,6.011,-26.33473786
1.24E-08,6.012,-26.63856214
1.24E-08,6.013,-26.93097163
1.24E-08,6.014,-27.2128147
1.24E-08,6.015,-27.48485013
1.24E-08,6.016,-27.74775915
1.24E-08,6.017,-28.00215555
1.24E-08,6.018,-28.24859417
1.24E-08,6.019,-28.48757817
1.24E-08,6.02,-28.71956514
1.24E-08,6.021,-28.94497241
1.24E-08,6.022,-29.16418157
1.24E-08,6.023,-29.37754239
1.24E-08,6.024,-29.58537623
1.24E-08,6.025,-29.78797898
1.24E-08,6.026,-29.98562371
1.24E-08,6.027,-30.17856284
1.24E-08,6.028,-30.36703025
1.24E-08,6.029,-30.55124295
1.24E-08,6.03,-30.73140268
1.24E-08,6.031,-30.90769732
1.24E-08,6.032,-31.08030207
1.24E-08,6.033,-31.2493806
1.24E-08,6.034,-31.41508598
1.24E-08,6.035,-31.57756163
1.24E-08,6.036,-31.73694204
1.24E-08,6.037,-31.89335355
1.24E-08,6.038,-32.04691495
1.24E-08,6.039,-32.19773807
1.24E-08,6.04,-32.34592833
1.24E-08,6.041,-32.49158521
1.24E-08,6.042,-32.63480265
1.24E-08,6.043,-32.7756695
1.24E-08,6.044,-32.91426986
1.24E-08,6.045,-33.05068339
1.24E-08,6.046,-33.18498565
1.24E-08,6.047,-33.31724835
1.24E-08,6.048,-33.44753963
1.24E-08,6.049,-33.57592424
1.24E-08,6.05,-33.70246383
1.24E-08,6.051,-33.82721709
1.24E-08,6.052,-33.95023997
1.24E-08,6.053,-34.07158582
1.24E-08,6.054,-34.19130558
1.24E-08,6.055,-34.30944787
1.24E-08,6.056,-34.42605919
1.24E-08,6.057,-34.54118401
1.24E-08,6.058,-34.65486487
1.24E-08,6.059,-34.76714253
1.24E-08,6.06,-34.87805604
1.24E-08,6.061,-34.98764283
1.24E-08,6.062,-35.09593883
1.24E-08,6.063,-35.20297851
1.24E-08,6.064,-35.30879498
1.24E-08,6.065,-35.41342007
1.24E-08,6.066,-35.51688436
1.24E-08,6.067,-35.61921729
1.24E-08,6.068,-35.72044717
1.24E-08,6.069,-35.82060128
1.24E-08,6.07,-35.91970588
1.24E-08,6.071,-36.0177863
1.24E-08,6.072,-36.11486695
1.24E-08,6.073,-36.21097138
1.24E-08,6.074,-36.30612232
1.24E-08,6.075,-36.40034171
1.24E-08,6.076,-36.49365074
1.24E-08,6.077,-36.5860699
1.24E-08,6.078,-36.67761898
1.24E-08,6.079,-36.76831712
1.24E-08,6.08,-36.85818284
1.24E-08,6.081,-36.94723407
1.24E-08,6.082,-37.03548815
1.24E-08,6.083,-37.12296189
1.24E-08,6.084,-37.20967157
1.24E-08,6.085,-37.29563295
1.24E-08,6.086,-37.38086134
1.24E-08,6.087,-37.46537155
1.24E-08,6.088,-37.54917799
1.24E-08,6.089,-37.6322946
1.24E-08,6.09,-37.71473494
1.24E-08,6.091,-37.79651217
1.24E-08,6.092,-37.87763906
1.24E-08,6.093,-37.95812803
1.24E-08,6.094,-38.03799115
1.24E-08,6.095,-38.11724013
1.24E-08,6.096,-38.1958864
1.24E-08,6.097,-38.27394103
1.24E-08,6.098,-38.35141482
1.24E-08,6.099,-38.42831827
1.24E-08,6.1,-38.50466161
1.24E-08,5.85,-33.99162151
1.24E-08,5.851,-33.89635421
1.24E-08,5.852,-33.79962941
1.24E-08,5.853,-33.70139925
1.24E-08,5.854,-33.60161336
1.24E-08,5.855,-33.50021878
1.24E-08,5.856,-33.3971597
1.24E-08,5.857,-33.2923773
1.24E-08,5.858,-33.18580951
1.24E-08,5.859,-33.07739077
1.24E-08,5.86,-32.96705177
1.24E-08,5.861,-32.85471915
1.24E-08,5.862,-32.74031521
1.24E-08,5.863,-32.62375753
1.24E-08,5.864,-32.50495857
1.24E-08,5.865,-32.38382533
1.24E-08,5.866,-32.26025876
1.24E-08,5.867,-32.13415336
1.24E-08,5.868,-32.00539651
1.24E-08,5.869,-31.8738679
1.24E-08,5.87,-31.73943879
1.24E-08,5.871,-31.6019712
1.24E-08,5.872,-31.46131707
1.24E-08,5.873,-31.31731722
1.24E-08,5.874,-31.16980026
1.24E-08,5.875,-31.01858134
1.24E-08,5.876,-30.86346069
1.24E-08,5.877,-30.70422207
1.24E-08,5.878,-30.54063087
1.24E-08,5.879,-30.37243209
1.24E-08,5.88,-30.19934793
1.24E-08,5.881,-30.02107506
1.24E-08,5.882,-29.83728147
1.24E-08,5.883,-29.64760286
1.24E-08,5.884,-29.45163838
1.24E-08,5.885,-29.24894574
1.24E-08,5.886,-29.03903547
1.24E-08,5.887,-28.8213641
1.24E-08,5.888,-28.59532623
1.24E-08,5.889,-28.36024495
1.24E-08,5.89,-28.11536052
1.24E-08,5.891,-27.85981667
1.24E-08,5.892,-27.59264401
1.24E-08,5.893,-27.31273988
1.24E-08,5.894,-27.01884344
1.24E-08,5.895,-26.70950488
1.24E-08,5.896,-26.38304685
1.24E-08,5.897,-26.03751573
1.24E-08,5.898,-25.6706193
1.24E-08,5.899,-25.27964613
1.24E-08,5.9,-24.8613598
1.24E-08,5.901,-24.41185816
1.24E-08,5.902,-23.92638258
1.24E-08,5.903,-23.39905491
1.24E-08,5.904,-22.82250627
1.24E-08,5.905,-22.18734029
1.24E-08,5.906,-21.48133453
1.24E-08,5.907,-20.68821086
1.24E-08,5.908,-19.78566598
1.24E-08,5.909,-18.74206031
1.24E-08,5.91,-17.51051639
1.24E-08,5.911,-16.01760478
1.24E-08,5.912,-14.13959632
1.24E-08,5.913,-11.64688925
1.24E-08,5.914,-8.063206117
1.24E-08,5.915,-2.598679469
1.24E-08,5.916,-1.730190655
1.24E-08,5.917,-7.919532278
1.24E-08,5.918,-12.28229925
1.24E-08,5.919,-15.4274379
1.24E-08,5.92,-17.90502537
1.24E-08,5.921,-19.97813542
1.24E-08,5.922,-21.78740721
1.24E-08,5.923,-23.41677887
1.24E-08,5.924,-24.9211019
1.24E-08,5.925,-26.33916307
1.24E-08,5.926,-27.70051739
1.24E-08,5.927,-29.0294635
1.24E-08,5.928,-30.34764694
1.24E-08,5.929,-31.67604812
1.24E-08,5.93,-33.03683145
1.24E-08,5.931,-34.45547471
1.24E-08,5.932,-35.9637284
1.24E-08,5.933,-37.60437819
1.24E-08,5.934,-39.43988419
1.24E-08,5.935,-41.57002881
1.24E-08,5.936,-44.17355757
1.24E-08,5.937,-47.62902517
1.24E-08,5.938,-53.01664917
1.24E-08,5.939,-67.85090979
1.24E-08,5.94,-57.39610265
1.24E-08,5.941,-50.3332569
1.24E-08,5.942,-46.57953697
1.24E-08,5.943,-44.01863243
1.24E-08,5.944,-42.07350761
1.24E-08,5.945,-40.50185152
1.24E-08,5.946,-39.17876907
1.24E-08,5.947,-38.03138938
1.24E-08,5.948,-37.01345649
1.24E-08,5.949,-36.09373991
1.24E-08,5.95,-35.25012352
1.24E-08,5.951,-34.46633014
1.24E-08,5.952,-33.72998498
1.24E-08,5.953,-33.03140992
1.24E-08,5.954,-32.36283916
1.24E-08,5.955,-31.71788974
1.24E-08,5.956,-31.09119155
1.24E-08,5.957,-30.47812097
1.24E-08,5.958,-29.87460218
1.24E-08,5.959,-29.27695463
1.24E-08,5.96,-28.68177071
1.24E-08,5.961,-28.08581373
1.24E-08,5.962,-27.48592813
1.24E-08,5.963,-26.87895561
1.24E-08,5.964,-26.2616523
1.24E-08,5.965,-25.63060076
1.24E-08,5.966,-24.98211207
1.24E-08,5.967,-24.31211003
1.24E-08,5.968,-23.61598858
1.24E-08,5.969,-22.88842973
1.24E-08,5.97,-22.12316253
1.24E-08,5.971,-21.31263523
1.24E-08,5.972,-20.44755591
1.24E-08,5.973,-19.51622995
1.24E-08,5.974,-18.50357468
1.24E-08,5.975,-17.38960465
1.24E-08,5.976,-16.14701686
1.24E-08,5.977,-14.73719003
1.24E-08,5.978,-13.1033094
1.24E-08,5.979,-11.15834588
1.24E-08,5.98,-8.765784379
1.24E-08,5.981,-5.732497647
1.24E-08,5.982,-2.096891754
1.24E-08,5.983,-0.338096352
1.24E-08,5.984,-3.128452792
1.24E-08,5.985,-6.514330336
1.24E-08,5.986,-9.193462896
1.24E-08,5.987,-11.29570822
1.24E-08,5.988,-12.99959226
1.24E-08,5.989,-14.42300387
1.24E-08,5.99,-15.64119223
1.24E-08,5.991,-16.70377135
1.24E-08,5.992,-17.64477644
1.24E-08,5.993,-18.48841947
1.24E-08,5.994,-19.25247318
1.24E-08,5.995,-19.95033709
1.24E-08,5.996,-20.59234666
1.24E-08,5.997,-21.1866316
1.24E-08,5.998,-21.7396958
1.24E-08,5.999,-22.25681983
1.24E-08,6,-22.74234692
1.24E-08,6.001,-23.19989057
1.24E-08,6.002,-23.63248791
1.24E-08,6.003,-24.04271509
1.24E-08,6.004,-24.43277522
1.24E-08,6.005,-24.80456653
1.24E-08,6.006,-25.15973561
1.24E-08,6.007,-25.49971961
1.24E-08,6.008,-25.82578
1.24E-08,6.009,-26.13902983
1.24E-08,6.01,-26.44045591
1.24E-08,6.011,-26.73093701
1.24E-08,6.012,-27.01125898
1.24E-08,6.013,-27.2821272
1.24E-08,6.014,-27.54417716
1.24E-08,6.015,-27.79798329
1.24E-08,6.016,-28.04406644
1.24E-08,6.017,-28.28290032
1.24E-08,6.018,-28.51491694
1.24E-08,6.019,-28.74051129
1.24E-08,6.02,-28.96004547
1.24E-08,6.021,-29.17385217
1.24E-08,6.022,-29.38223773
1.24E-08,6.023,-29.58548487
1.24E-08,6.024,-29.78385497
1.24E-08,6.025,-29.97759021
1.24E-08,6.026,-30.16691534
1.24E-08,6.027,-30.35203931
1.24E-08,6.028,-30.53315671
1.24E-08,6.029,-30.71044907
1.24E-08,6.03,-30.88408592
1.24E-08,6.031,-31.05422588
1.24E-08,6.032,-31.22101757
1.24E-08,6.033,-31.38460038
1.24E-08,6.034,-31.54510523
1.24E-08,6.035,-31.70265528
1.24E-08,6.036,-31.85736646
1.24E-08,6.037,-32.00934806
1.24E-08,6.038,-32.15870323
1.24E-08,6.039,-32.30552939
1.24E-08,6.04,-32.44991869
1.24E-08,6.041,-32.59195835
1.24E-08,6.042,-32.73173102
1.24E-08,6.043,-32.86931506
1.24E-08,6.044,-33.00478488
1.24E-08,6.045,-33.13821117
1.24E-08,6.046,-33.26966114
1.24E-08,6.047,-33.39919874
1.24E-08,6.048,-33.5268849
1.24E-08,6.049,-33.65277767
1.24E-08,6.05,-33.77693244
1.24E-08,6.051,-33.89940207
1.24E-08,6.052,-34.02023705
1.24E-08,6.053,-34.13948564
1.24E-08,6.054,-34.257194
1.24E-08,6.055,-34.37340632
1.24E-08,6.056,-34.48816491
1.24E-08,6.057,-34.6015103
1.24E-08,6.058,-34.71348138
1.24E-08,6.059,-34.82411544
1.24E-08,6.06,-34.93344829
1.24E-08,6.061,-35.04151431
1.24E-08,6.062,-35.14834655
1.24E-08,6.063,-35.25397677
1.24E-08,6.064,-35.35843554
1.24E-08,6.065,-35.46175227
1.24E-08,6.066,-35.56395529
1.24E-08,6.067,-35.66507188
1.24E-08,6.068,-35.76512833
1.24E-08,6.069,-35.86415
1.24E-08,6.07,-35.96216135
1.24E-08,6.071,-36.05918598
1.24E-08,6.072,-36.15524669
1.24E-08,6.073,-36.25036548
1.24E-08,6.074,-36.34456362
1.24E-08,6.075,-36.43786168
1.24E-08,6.076,-36.53027953
1.24E-08,6.077,-36.62183641
1.24E-08,6.078,-36.71255093
1.24E-08,6.079,-36.8024411
1.24E-08,6.08,-36.89152438
1.24E-08,6.081,-36.97981766
1.24E-08,6.082,-37.06733733
1.24E-08,6.083,-37.15409926
1.24E-08,6.084,-37.24011886
1.24E-08,6.085,-37.32541107
1.24E-08,6.086,-37.40999037
1.24E-08,6.087,-37.49387083
1.24E-08,6.088,-37.57706611
1.24E-08,6.089,-37.65958949
1.24E-08,6.09,-37.74145384
1.24E-08,6.091,-37.82267169
1.24E-08,6.092,-37.90325522
1.24E-08,6.093,-37.98321625
1.24E-08,6.094,-38.06256631
1.24E-08,6.095,-38.14131659
1.24E-08,6.096,-38.21947799
1.24E-08,6.097,-38.29706111
1.24E-08,6.098,-38.37407628
1.24E-08,6.099,-38.45053357
1.24E-08,6.1,-38.52644275
1.24E-08,5.85,-33.90691851
1.24E-08,5.851,-33.80855034
1.24E-08,5.852,-33.70856941
1.24E-08,5.853,-33.60691782
1.24E-08,5.854,-33.50353442
1.24E-08,5.855,-33.39835453
1.24E-08,5.856,-33.29130971
1.24E-08,5.857,-33.1823274
1.24E-08,5.858,-33.07133067
1.24E-08,5.859,-32.95823778
1.24E-08,5.86,-32.84296186
1.24E-08,5.861,-32.72541038
1.24E-08,5.862,-32.60548475
1.24E-08,5.863,-32.48307973
1.24E-08,5.864,-32.35808283
1.24E-08,5.865,-32.23037365
1.24E-08,5.866,-32.09982315
1.24E-08,5.867,-31.96629279
1.24E-08,5.868,-31.82963361
1.24E-08,5.869,-31.68968515
1.24E-08,5.87,-31.54627432
1.24E-08,5.871,-31.399214
1.24E-08,5.872,-31.24830157
1.24E-08,5.873,-31.09331717
1.24E-08,5.874,-30.93402172
1.24E-08,5.875,-30.7701547
1.24E-08,5.876,-30.60143158
1.24E-08,5.877,-30.42754084
1.24E-08,5.878,-30.24814053
1.24E-08,5.879,-30.06285434
1.24E-08,5.88,-29.87126692
1.24E-08,5.881,-29.67291852
1.24E-08,5.882,-29.46729858
1.24E-08,5.883,-29.25383819
1.24E-08,5.884,-29.03190122
1.24E-08,5.885,-28.80077355
1.24E-08,5.886,-28.55965031
1.24E-08,5.887,-28.30762027
1.24E-08,5.888,-28.04364698
1.24E-08,5.889,-27.76654542
1.24E-08,5.89,-27.4749533
1.24E-08,5.891,-27.16729501
1.24E-08,5.892,-26.84173628
1.24E-08,5.893,-26.49612616
1.24E-08,5.894,-26.12792237
1.24E-08,5.895,-25.73409342
1.24E-08,5.896,-25.31098885
1.24E-08,5.897,-24.85416402
1.24E-08,5.898,-24.35813936
1.24E-08,5.899,-23.81606238
1.24E-08,5.9,-23.21922155
1.24E-08,5.901,-22.55632747
1.24E-08,5.902,-21.81241449
1.24E-08,5.903,-20.96709625
1.24E-08,5.904,-19.99166247
1.24E-08,5.905,-18.84396368
1.24E-08,5.906,-17.45873164
1.24E-08,5.907,-15.72751456
1.24E-08,5.908,-13.45189505
1.24E-08,5.909,-10.21779929
1.24E-08,5.91,-5.068616882
1.24E-08,5.911,-0.510119508
1.24E-08,5.912,-7.313512734
1.24E-08,5.913,-12.42266439
1.24E-08,5.914,-15.94292846
1.24E-08,5.915,-18.65678503
1.24E-08,5.916,-20.90628793
1.24E-08,5.917,-22.86417416
1.24E-08,5.918,-24.63026386
1.24E-08,5.919,-26.26885848
1.24E-08,5.92,-27.82554669
1.24E-08,5.921,-29.33583057
1.24E-08,5.922,-30.83021181
1.24E-08,5.923,-32.33777286
1.24E-08,5.924,-33.88937309
1.24E-08,5.925,-35.52137379
1.24E-08,5.926,-37.28112095
1.24E-08,5.927,-39.23658229
1.24E-08,5.928,-41.49600343
1.24E-08,5.929,-44.25500547
1.24E-08,5.93,-47.93769114
1.24E-08,5.931,-53.82298804
1.24E-08,5.932,-74.77257941
1.24E-08,5.933,-56.07156199
1.24E-08,5.934,-49.77829109
1.24E-08,5.935,-46.28786935
1.24E-08,5.936,-43.8792327
1.24E-08,5.937,-42.04368719
1.24E-08,5.938,-40.56060678
1.24E-08,5.939,-39.3142484
1.24E-08,5.94,-38.23635094
1.24E-08,5.941,-37.28329242
1.24E-08,5.942,-36.42550386
1.24E-08,5.943,-35.64200853
1.24E-08,5.944,-34.91737024
1.24E-08,5.945,-34.23987825
1.24E-08,5.946,-33.60041222
1.24E-08,5.947,-32.99170195
1.24E-08,5.948,-32.40782752
1.24E-08,5.949,-31.84387119
1.24E-08,5.95,-31.29566782
1.24E-08,5.951,-30.75962158
1.24E-08,5.952,-30.23256766
1.24E-08,5.953,-29.71166503
1.24E-08,5.954,-29.19431127
1.24E-08,5.955,-28.67807213
1.24E-08,5.956,-28.16062173
1.24E-08,5.957,-27.63968898
1.24E-08,5.958,-27.11300776
1.24E-08,5.959,-26.57826784
1.24E-08,5.96,-26.03306414
1.24E-08,5.961,-25.47484158
1.24E-08,5.962,-24.90083252
1.24E-08,5.963,-24.30798271
1.24E-08,5.964,-23.69286095
1.24E-08,5.965,-23.05154529
1.24E-08,5.966,-22.37947634
1.24E-08,5.967,-21.67126305
1.24E-08,5.968,-20.92041991
1.24E-08,5.969,-20.11900276
1.24E-08,5.97,-19.25709142
1.24E-08,5.971,-18.32203492
1.24E-08,5.972,-17.29731821
1.24E-08,5.973,-16.16080585
1.24E-08,5.974,-14.88192736
1.24E-08,5.975,-13.41701988
1.24E-08,5.976,-11.70147346
1.24E-08,5.977,-9.637029095
1.24E-08,5.978,-7.078611232
1.24E-08,5.979,-3.895535513
1.24E-08,5.98,-0.759028754
1.24E-08,5.981,-1.04348045
1.24E-08,5.982,-4.23342308
1.24E-08,5.983,-7.233517103
1.24E-08,5.984,-9.614479625
1.24E-08,5.985,-11.52410411
1.24E-08,5.986,-13.10054419
1.24E-08,5.987,-14.43607889
1.24E-08,5.988,-15.59145106
1.24E-08,5.989,-16.60783032
1.24E-08,5.99,-17.51410289
1.24E-08,5.991,-18.33119696
1.24E-08,5.992,-19.07470649
1.24E-08,5.993,-19.75653551
1.24E-08,5.994,-20.3859627
1.24E-08,5.995,-20.97035216
1.24E-08,5.996,-21.5156411
1.24E-08,5.997,-22.02668277
1.24E-08,5.998,-22.50749288
1.24E-08,5.999,-22.96143029
1.24E-08,6,-23.39133166
1.24E-08,6.001,-23.79961353
1.24E-08,6.002,-24.18835072
1.24E-08,6.003,-24.55933736
1.24E-08,6.004,-24.91413492
1.24E-08,6.005,-25.25411046
1.24E-08,6.006,-25.58046737
1.24E-08,6.007,-25.89427028
1.24E-08,6.008,-26.19646541
1.24E-08,6.009,-26.48789739
1.24E-08,6.01,-26.76932317
1.24E-08,6.011,-27.04142361
1.24E-08,6.012,-27.30481334
1.24E-08,6.013,-27.56004893
1.24E-08,6.014,-27.80763597
1.24E-08,6.015,-28.04803502
1.24E-08,6.016,-28.2816668
1.24E-08,6.017,-28.50891658
1.24E-08,6.018,-28.73013804
1.24E-08,6.019,-28.94565659
1.24E-08,6.02,-29.15577229
1.24E-08,6.021,-29.36076238
1.24E-08,6.022,-29.56088355
1.24E-08,6.023,-29.75637385
1.24E-08,6.024,-29.9474545
1.24E-08,6.025,-30.13433137
1.24E-08,6.026,-30.3171964
1.24E-08,6.027,-30.49622879
1.24E-08,6.028,-30.67159612
1.24E-08,6.029,-30.8434553
1.24E-08,6.03,-31.01195346
1.24E-08,6.031,-31.17722874
1.24E-08,6.032,-31.33941102
1.24E-08,6.033,-31.49862253
1.24E-08,6.034,-31.65497844
1.24E-08,6.035,-31.80858744
1.24E-08,6.036,-31.95955212
1.24E-08,6.037,-32.1079695
1.24E-08,6.038,-32.2539314
1.24E-08,6.039,-32.39752477
1.24E-08,6.04,-32.53883206
1.24E-08,6.041,-32.67793152
1.24E-08,6.042,-32.81489747
1.24E-08,6.043,-32.94980056
1.24E-08,6.044,-33.08270801
1.24E-08,6.045,-33.21368381
1.24E-08,6.046,-33.34278897
1.24E-08,6.047,-33.47008164
1.24E-08,6.048,-33.59561731
1.24E-08,6.049,-33.719449
1.24E-08,6.05,-33.84162737
1.24E-08,6.051,-33.96220083
1.24E-08,6.052,-34.08121576
1.24E-08,6.053,-34.19871652
1.24E-08,6.054,-34.31474564
1.24E-08,6.055,-34.42934388
1.24E-08,6.056,-34.54255034
1.24E-08,6.057,-34.65440255
1.24E-08,6.058,-34.76493654
1.24E-08,6.059,-34.87418693
1.24E-08,6.06,-34.98218701
1.24E-08,6.061,-35.08896878
1.24E-08,6.062,-35.19456306
1.24E-08,6.063,-35.2989995
1.24E-08,6.064,-35.40230666
1.24E-08,6.065,-35.50451206
1.24E-08,6.066,-35.60564225
1.24E-08,6.067,-35.70572281
1.24E-08,6.068,-35.80477845
1.24E-08,6.069,-35.902833
1.24E-08,6.07,-35.99990949
1.24E-08,6.071,-36.09603015
1.24E-08,6.072,-36.19121649
1.24E-08,6.073,-36.28548929
1.24E-08,6.074,-36.37886865
1.24E-08,6.075,-36.47137403
1.24E-08,6.076,-36.56302425
1.24E-08,6.077,-36.65383754
1.24E-08,6.078,-36.74383157
1.24E-08,6.079,-36.83302344
1.24E-08,6.08,-36.92142973
1.24E-08,6.081,-37.00906653
1.24E-08,6.082,-37.09594943
1.24E-08,6.083,-37.18209356
1.24E-08,6.084,-37.26751361
1.24E-08,6.085,-37.35222383
1.24E-08,6.086,-37.43623806
1.24E-08,6.087,-37.51956976
1.24E-08,6.088,-37.60223198
1.24E-08,6.089,-37.68423742
1.24E-08,6.09,-37.76559843
1.24E-08,6.091,-37.84632702
1.24E-08,6.092,-37.92643485
1.24E-08,6.093,-38.00593329
1.24E-08,6.094,-38.0848334
1.24E-08,6.095,-38.16314594
1.24E-08,6.096,-38.24088138
1.24E-08,6.097,-38.31804993
1.24E-08,6.098,-38.39466154
1.24E-08,6.099,-38.47072589
1.24E-08,6.1,-38.54625242
1.25E-08,5.85,-33.80542836
1.25E-08,5.851,-33.70307513
1.25E-08,5.852,-33.59889412
1.25E-08,5.853,-33.49281243
1.25E-08,5.854,-33.38475259
1.25E-08,5.855,-33.27463218
1.25E-08,5.856,-33.1623634
1.25E-08,5.857,-33.04785263
1.25E-08,5.858,-32.93099984
1.25E-08,5.859,-32.81169808
1.25E-08,5.86,-32.68983278
1.25E-08,5.861,-32.56528107
1.25E-08,5.862,-32.43791091
1.25E-08,5.863,-32.30758024
1.25E-08,5.864,-32.17413594
1.25E-08,5.865,-32.03741264
1.25E-08,5.866,-31.89723147
1.25E-08,5.867,-31.75339854
1.25E-08,5.868,-31.60570328
1.25E-08,5.869,-31.45391652
1.25E-08,5.87,-31.29778828
1.25E-08,5.871,-31.13704527
1.25E-08,5.872,-30.97138796
1.25E-08,5.873,-30.80048724
1.25E-08,5.874,-30.62398052
1.25E-08,5.875,-30.44146715
1.25E-08,5.876,-30.25250312
1.25E-08,5.877,-30.05659477
1.25E-08,5.878,-29.85319136
1.25E-08,5.879,-29.64167627
1.25E-08,5.88,-29.4213564
1.25E-08,5.881,-29.19144948
1.25E-08,5.882,-28.95106868
1.25E-08,5.883,-28.6992038
1.25E-08,5.884,-28.43469818
1.25E-08,5.885,-28.15622006
1.25E-08,5.886,-27.86222673
1.25E-08,5.887,-27.55091926
1.25E-08,5.888,-27.22018466
1.25E-08,5.889,-26.86752109
1.25E-08,5.89,-26.48993996
1.25E-08,5.891,-26.08383564
1.25E-08,5.892,-25.64480955
1.25E-08,5.893,-25.1674278
1.25E-08,5.894,-24.64488036
1.25E-08,5.895,-24.06848985
1.25E-08,5.896,-23.42698347
1.25E-08,5.897,-22.70537721
1.25E-08,5.898,-21.88319782
1.25E-08,5.899,-20.93151072
1.25E-08,5.9,-19.80765279
1.25E-08,5.901,-18.44518098
1.25E-08,5.902,-16.73276303
1.25E-08,5.903,-14.46380469
1.25E-08,5.904,-11.19398085
1.25E-08,5.905,-5.78828454
1.25E-08,5.906,-0.654640762
1.25E-08,5.907,-8.470955038
1.25E-08,5.908,-13.75557108
1.25E-08,5.909,-17.36187529
1.25E-08,5.91,-20.15329303
1.25E-08,5.911,-22.48537576
1.25E-08,5.912,-24.53561803
1.25E-08,5.913,-26.40721627
1.25E-08,5.914,-28.16813442
1.25E-08,5.915,-29.86866856
1.25E-08,5.916,-31.55081435
1.25E-08,5.917,-33.25444094
1.25E-08,5.918,-35.02273996
1.25E-08,5.919,-36.90891316
1.25E-08,5.92,-38.98701589
1.25E-08,5.921,-41.37359637
1.25E-08,5.922,-44.27988671
1.25E-08,5.923,-48.17218497
1.25E-08,5.924,-54.52678874
1.25E-08,5.925,-111.7628645
1.25E-08,5.926,-55.14666758
1.25E-08,5.927,-49.37950775
1.25E-08,5.928,-46.09256361
1.25E-08,5.929,-43.80858934
1.25E-08,5.93,-42.06584517
1.25E-08,5.931,-40.65929059
1.25E-08,5.932,-39.47995326
1.25E-08,5.933,-38.4630583
1.25E-08,5.934,-37.56701145
1.25E-08,5.935,-36.76354058
1.25E-08,5.936,-36.03256562
1.25E-08,5.937,-35.35931367
1.25E-08,5.938,-34.73259472
1.25E-08,5.939,-34.14371963
1.25E-08,5.94,-33.58579311
1.25E-08,5.941,-33.05323578
1.25E-08,5.942,-32.54145122
1.25E-08,5.943,-32.04658841
1.25E-08,5.944,-31.56536763
1.25E-08,5.945,-31.09495055
1.25E-08,5.946,-30.63284094
1.25E-08,5.947,-30.1768073
1.25E-08,5.948,-29.72482117
1.25E-08,5.949,-29.27500678
1.25E-08,5.95,-28.82559873
1.25E-08,5.951,-28.37490556
1.25E-08,5.952,-27.92127686
1.25E-08,5.953,-27.46307296
1.25E-08,5.954,-26.99863519
1.25E-08,5.955,-26.52625607
1.25E-08,5.956,-26.04414761
1.25E-08,5.957,-25.55040664
1.25E-08,5.958,-25.04297532
1.25E-08,5.959,-24.519595
1.25E-08,5.96,-23.97775042
1.25E-08,5.961,-23.41460117
1.25E-08,5.962,-22.82689523
1.25E-08,5.963,-22.21085794
1.25E-08,5.964,-21.56204676
1.25E-08,5.965,-20.87515735
1.25E-08,5.966,-20.14375961
1.25E-08,5.967,-19.35993073
1.25E-08,5.968,-18.51373326
1.25E-08,5.969,-17.5924538
1.25E-08,5.97,-16.57946206
1.25E-08,5.971,-15.45245019
1.25E-08,5.972,-14.1806341
1.25E-08,5.973,-12.72019372
1.25E-08,5.974,-11.00683556
1.25E-08,5.975,-8.944840733
1.25E-08,5.976,-6.401885336
1.25E-08,5.977,-3.309566995
1.25E-08,5.978,-0.549963656
1.25E-08,5.979,-1.180417273
1.25E-08,5.98,-4.225619766
1.25E-08,5.981,-7.083605756
1.25E-08,5.982,-9.384611053
1.25E-08,5.983,-11.24917831
1.25E-08,5.984,-12.79918982
1.25E-08,5.985,-14.11886216
1.25E-08,5.986,-15.26475798
1.25E-08,5.987,-16.27572769
1.25E-08,5.988,-17.1792888
1.25E-08,5.989,-17.99551852
1.25E-08,5.99,-18.73945854
1.25E-08,5.991,-19.42264141
1.25E-08,5.992,-20.05408851
1.25E-08,5.993,-20.64098126
1.25E-08,5.994,-21.18912447
1.25E-08,5.995,-21.70327375
1.25E-08,5.996,-22.18737182
1.25E-08,5.997,-22.64472224
1.25E-08,5.998,-23.07811945
1.25E-08,5.999,-23.48994743
1.25E-08,6,-23.88225579
1.25E-08,6.001,-24.25681901
1.25E-08,6.002,-24.61518325
1.25E-08,6.003,-24.95870364
1.25E-08,6.004,-25.28857423
1.25E-08,6.005,-25.6058524
1.25E-08,6.006,-25.91147882
1.25E-08,6.007,-26.20629384
1.25E-08,6.008,-26.4910512
1.25E-08,6.009,-26.76642946
1.25E-08,6.01,-27.03304155
1.25E-08,6.011,-27.29144297
1.25E-08,6.012,-27.54213865
1.25E-08,6.013,-27.78558889
1.25E-08,6.014,-28.02221442
1.25E-08,6.015,-28.25240076
1.25E-08,6.016,-28.47650203
1.25E-08,6.017,-28.69484427
1.25E-08,6.018,-28.90772825
1.25E-08,6.019,-29.11543204
1.25E-08,6.02,-29.31821322
1.25E-08,6.021,-29.5163108
1.25E-08,6.022,-29.70994699
1.25E-08,6.023,-29.89932871
1.25E-08,6.024,-30.08464893
1.25E-08,6.025,-30.26608793
1.25E-08,6.026,-30.44381434
1.25E-08,6.027,-30.61798613
1.25E-08,6.028,-30.78875152
1.25E-08,6.029,-30.95624969
1.25E-08,6.03,-31.12061156
1.25E-08,6.031,-31.28196039
1.25E-08,6.032,-31.44041236
1.25E-08,6.033,-31.59607715
1.25E-08,6.034,-31.74905833
1.25E-08,6.035,-31.89945388
1.25E-08,6.036,-32.04735653
1.25E-08,6.037,-32.19285416
1.25E-08,6.038,-32.33603011
1.25E-08,6.039,-32.4769635
1.25E-08,6.04,-32.61572949
1.25E-08,6.041,-32.75239956
1.25E-08,6.042,-32.88704173
1.25E-08,6.043,-33.01972079
1.25E-08,6.044,-33.15049848
1.25E-08,6.045,-33.27943372
1.25E-08,6.046,-33.40658272
1.25E-08,6.047,-33.53199918
1.25E-08,6.048,-33.65573446
1.25E-08,6.049,-33.77783764
1.25E-08,6.05,-33.89835572
1.25E-08,6.051,-34.01733371
1.25E-08,6.052,-34.13481474
1.25E-08,6.053,-34.25084017
1.25E-08,6.054,-34.36544966
1.25E-08,6.055,-34.47868131
1.25E-08,6.056,-34.5905717
1.25E-08,6.057,-34.70115597
1.25E-08,6.058,-34.81046793
1.25E-08,6.059,-34.91854008
1.25E-08,6.06,-35.02540371
1.25E-08,6.061,-35.13108896
1.25E-08,6.062,-35.23562484
1.25E-08,6.063,-35.33903932
1.25E-08,6.064,-35.44135938
1.25E-08,6.065,-35.54261104
1.25E-08,6.066,-35.64281939
1.25E-08,6.067,-35.74200868
1.25E-08,6.068,-35.84020232
1.25E-08,6.069,-35.93742293
1.25E-08,6.07,-36.03369237
1.25E-08,6.071,-36.12903179
1.25E-08,6.072,-36.22346164
1.25E-08,6.073,-36.31700171
1.25E-08,6.074,-36.40967115
1.25E-08,6.075,-36.50148851
1.25E-08,6.076,-36.59247178
1.25E-08,6.077,-36.68263836
1.25E-08,6.078,-36.77200513
1.25E-08,6.079,-36.86058846
1.25E-08,6.08,-36.94840423
1.25E-08,6.081,-37.03546784
1.25E-08,6.082,-37.12179424
1.25E-08,6.083,-37.20739795
1.25E-08,6.084,-37.29229307
1.25E-08,6.085,-37.37649328
1.25E-08,6.086,-37.4600119
1.25E-08,6.087,-37.54286185
1.25E-08,6.088,-37.62505572
1.25E-08,6.089,-37.70660572
1.25E-08,6.09,-37.78752375
1.25E-08,6.091,-37.86782138
1.25E-08,6.092,-37.94750989
1.25E-08,6.093,-38.02660022
1.25E-08,6.094,-38.10510306
1.25E-08,6.095,-38.1830288
1.25E-08,6.096,-38.26038758
1.25E-08,6.097,-38.33718926
1.25E-08,6.098,-38.41344347
1.25E-08,6.099,-38.48915958
1.25E-08,6.1,-38.56434674
1.25E-08,5.85,-33.68160205
1.25E-08,5.851,-33.57398615
1.25E-08,5.852,-33.46423327
1.25E-08,5.853,-33.35224691
1.25E-08,5.854,-33.23792371
1.25E-08,5.855,-33.1211529
1.25E-08,5.856,-33.00181547
1.25E-08,5.857,-32.87978347
1.25E-08,5.858,-32.75491901
1.25E-08,5.859,-32.6270733
1.25E-08,5.86,-32.49608544
1.25E-08,5.861,-32.36178117
1.25E-08,5.862,-32.22397133
1.25E-08,5.863,-32.08245018
1.25E-08,5.864,-31.93699349
1.25E-08,5.865,-31.78735627
1.25E-08,5.866,-31.63327028
1.25E-08,5.867,-31.47444101
1.25E-08,5.868,-31.31054432
1.25E-08,5.869,-31.14122243
1.25E-08,5.87,-30.96607927
1.25E-08,5.871,-30.78467505
1.25E-08,5.872,-30.59651978
1.25E-08,5.873,-30.40106566
1.25E-08,5.874,-30.19769796
1.25E-08,5.875,-29.98572411
1.25E-08,5.876,-29.76436048
1.25E-08,5.877,-29.53271641
1.25E-08,5.878,-29.28977456
1.25E-08,5.879,-29.03436674
1.25E-08,5.88,-28.76514382
1.25E-08,5.881,-28.48053788
1.25E-08,5.882,-28.1787143
1.25E-08,5.883,-27.85751022
1.25E-08,5.884,-27.51435461
1.25E-08,5.885,-27.1461631
1.25E-08,5.886,-26.74919724
1.25E-08,5.887,-26.3188733
1.25E-08,5.888,-25.84949697
1.25E-08,5.889,-25.33388741
1.25E-08,5.89,-24.76283066
1.25E-08,5.891,-24.12426082
1.25E-08,5.892,-23.40199051
1.25E-08,5.893,-22.57365746
1.25E-08,5.894,-21.60723101
1.25E-08,5.895,-20.4546789
1.25E-08,5.896,-19.03951633
1.25E-08,5.897,-17.22955779
1.25E-08,5.898,-14.76780008
1.25E-08,5.899,-11.0566623
1.25E-08,5.9,-4.393921317
1.25E-08,5.901,-3.201675392
1.25E-08,5.902,-11.36124212
1.25E-08,5.903,-16.18701048
1.25E-08,5.904,-19.61163904
1.25E-08,5.905,-22.34461441
1.25E-08,5.906,-24.6857069
1.25E-08,5.907,-26.791549
1.25E-08,5.908,-28.75833099
1.25E-08,5.909,-30.65431911
1.25E-08,5.91,-32.53570936
1.25E-08,5.911,-34.45668823
1.25E-08,5.912,-36.47865452
1.25E-08,5.913,-38.68285026
1.25E-08,5.914,-41.19406348
1.25E-08,5.915,-44.23730527
1.25E-08,5.916,-48.31487659
1.25E-08,5.917,-55.08013084
1.25E-08,5.918,-77.47603881
1.25E-08,5.919,-54.51671105
1.25E-08,5.92,-49.11154528
1.25E-08,5.921,-45.980344
1.25E-08,5.922,-43.79746781
1.25E-08,5.923,-42.13267218
1.25E-08,5.924,-40.79176569
1.25E-08,5.925,-39.67062033
1.25E-08,5.926,-38.70701625
1.25E-08,5.927,-37.8608785
1.25E-08,5.928,-37.10492525
1.25E-08,5.929,-36.41977179
1.25E-08,5.93,-35.79116476
1.25E-08,5.931,-35.20832322
1.25E-08,5.932,-34.6628957
1.25E-08,5.933,-34.14827719
1.25E-08,5.934,-33.65914726
1.25E-08,5.935,-33.19114834
1.25E-08,5.936,-32.74065633
1.25E-08,5.937,-32.30461295
1.25E-08,5.938,-31.88040113
1.25E-08,5.939,-31.46575047
1.25E-08,5.94,-31.05866425
1.25E-08,5.941,-30.6573621
1.25E-08,5.942,-30.26023418
1.25E-08,5.943,-29.86580394
1.25E-08,5.944,-29.47269701
1.25E-08,5.945,-29.07961486
1.25E-08,5.946,-28.68531183
1.25E-08,5.947,-28.28857454
1.25E-08,5.948,-27.88820266
1.25E-08,5.949,-27.48299073
1.25E-08,5.95,-27.07170988
1.25E-08,5.951,-26.6530892
1.25E-08,5.952,-26.22579578
1.25E-08,5.953,-25.78841289
1.25E-08,5.954,-25.33941523
1.25E-08,5.955,-24.87714036
1.25E-08,5.956,-24.39975482
1.25E-08,5.957,-23.90521322
1.25E-08,5.958,-23.39120789
1.25E-08,5.959,-22.8551062
1.25E-08,5.96,-22.29387067
1.25E-08,5.961,-21.70395622
1.25E-08,5.962,-21.08117532
1.25E-08,5.963,-20.42051841
1.25E-08,5.964,-19.71591001
1.25E-08,5.965,-18.95987144
1.25E-08,5.966,-18.14304385
1.25E-08,5.967,-17.25349819
1.25E-08,5.968,-16.27571118
1.25E-08,5.969,-15.18900432
1.25E-08,5.97,-13.96510068
1.25E-08,5.971,-12.56422227
1.25E-08,5.972,-10.92888683
1.25E-08,5.973,-8.975073449
1.25E-08,5.974,-6.588055714
1.25E-08,5.975,-3.692739029
1.25E-08,5.976,-0.86371038
1.25E-08,5.977,-0.703270826
1.25E-08,5.978,-3.399925386
1.25E-08,5.979,-6.271308832
1.25E-08,5.98,-8.638655423
1.25E-08,5.981,-10.56401616
1.25E-08,5.982,-12.16346006
1.25E-08,5.983,-13.52307899
1.25E-08,5.984,-14.70178177
1.25E-08,5.985,-15.74023501
1.25E-08,5.986,-16.66725633
1.25E-08,5.987,-17.50384606
1.25E-08,5.988,-18.26570901
1.25E-08,5.989,-18.96486252
1.25E-08,5.99,-19.61068915
1.25E-08,5.991,-20.2106444
1.25E-08,5.992,-20.77074464
1.25E-08,5.993,-21.29591141
1.25E-08,5.994,-21.79021949
1.25E-08,5.995,-22.25707893
1.25E-08,5.996,-22.69937112
1.25E-08,5.997,-23.11955182
1.25E-08,5.998,-23.51973052
1.25E-08,5.999,-23.9017321
1.25E-08,6,-24.26714555
1.25E-08,6.001,-24.61736263
1.25E-08,6.002,-24.95360902
1.25E-08,6.003,-25.27696957
1.25E-08,6.004,-25.58840891
1.25E-08,6.005,-25.88878851
1.25E-08,6.006,-26.17888076
1.25E-08,6.007,-26.45938077
1.25E-08,6.008,-26.73091628
1.25E-08,6.009,-26.99405603
1.25E-08,6.01,-27.24931691
1.25E-08,6.011,-27.49717001
1.25E-08,6.012,-27.73804584
1.25E-08,6.013,-27.97233884
1.25E-08,6.014,-28.20041128
1.25E-08,6.015,-28.42259664
1.25E-08,6.016,-28.63920254
1.25E-08,6.017,-28.85051336
1.25E-08,6.018,-29.0567925
1.25E-08,6.019,-29.25828436
1.25E-08,6.02,-29.45521614
1.25E-08,6.021,-29.6477994
1.25E-08,6.022,-29.83623144
1.25E-08,6.023,-30.02069657
1.25E-08,6.024,-30.20136719
1.25E-08,6.025,-30.37840481
1.25E-08,6.026,-30.55196094
1.25E-08,6.027,-30.72217788
1.25E-08,6.028,-30.88918946
1.25E-08,6.029,-31.05312169
1.25E-08,6.03,-31.21409337
1.25E-08,6.031,-31.3722166
1.25E-08,6.032,-31.52759728
1.25E-08,6.033,-31.68033557
1.25E-08,6.034,-31.83052629
1.25E-08,6.035,-31.97825927
1.25E-08,6.036,-32.12361972
1.25E-08,6.037,-32.26668854
1.25E-08,6.038,-32.40754257
1.25E-08,6.039,-32.54625491
1.25E-08,6.04,-32.68289509
1.25E-08,6.041,-32.81752936
1.25E-08,6.042,-32.95022087
1.25E-08,6.043,-33.08102983
1.25E-08,6.044,-33.21001375
1.25E-08,6.045,-33.33722755
1.25E-08,6.046,-33.46272371
1.25E-08,6.047,-33.58655245
1.25E-08,6.048,-33.70876183
1.25E-08,6.049,-33.82939787
1.25E-08,6.05,-33.94850468
1.25E-08,6.051,-34.06612456
1.25E-08,6.052,-34.18229808
1.25E-08,6.053,-34.29706418
1.25E-08,6.054,-34.41046029
1.25E-08,6.055,-34.52252235
1.25E-08,6.056,-34.63328492
1.25E-08,6.057,-34.74278126
1.25E-08,6.058,-34.85104336
1.25E-08,6.059,-34.95810205
1.25E-08,6.06,-35.063987
1.25E-08,6.061,-35.16872682
1.25E-08,6.062,-35.27234911
1.25E-08,6.063,-35.37488045
1.25E-08,6.064,-35.47634655
1.25E-08,6.065,-35.57677217
1.25E-08,6.066,-35.67618128
1.25E-08,6.067,-35.77459701
1.25E-08,6.068,-35.87204172
1.25E-08,6.069,-35.96853702
1.25E-08,6.07,-36.06410385
1.25E-08,6.071,-36.15876244
1.25E-08,6.072,-36.25253238
1.25E-08,6.073,-36.34543265
1.25E-08,6.074,-36.43748163
1.25E-08,6.075,-36.52869712
1.25E-08,6.076,-36.6190964
1.25E-08,6.077,-36.7086962
1.25E-08,6.078,-36.79751276
1.25E-08,6.079,-36.88556183
1.25E-08,6.08,-36.9728587
1.25E-08,6.081,-37.05941822
1.25E-08,6.082,-37.14525481
1.25E-08,6.083,-37.23038245
1.25E-08,6.084,-37.31481477
1.25E-08,6.085,-37.39856499
1.25E-08,6.086,-37.48164596
1.25E-08,6.087,-37.56407018
1.25E-08,6.088,-37.64584983
1.25E-08,6.089,-37.72699672
1.25E-08,6.09,-37.80752238
1.25E-08,6.091,-37.88743802
1.25E-08,6.092,-37.96675456
1.25E-08,6.093,-38.04548262
1.25E-08,6.094,-38.12363255
1.25E-08,6.095,-38.20121446
1.25E-08,6.096,-38.27823818
1.25E-08,6.097,-38.35471329
1.25E-08,6.098,-38.43064914
1.25E-08,6.099,-38.50605484
1.25E-08,6.1,-38.58093929
1.25E-08,5.85,-33.52713619
1.25E-08,5.851,-33.41233333
1.25E-08,5.852,-33.29492775
1.25E-08,5.853,-33.17478343
1.25E-08,5.854,-33.05175336
1.25E-08,5.855,-32.92567828
1.25E-08,5.856,-32.79638541
1.25E-08,5.857,-32.66368684
1.25E-08,5.858,-32.52737781
1.25E-08,5.859,-32.3872347
1.25E-08,5.86,-32.2430127
1.25E-08,5.861,-32.09444316
1.25E-08,5.862,-31.94123047
1.25E-08,5.863,-31.78304852
1.25E-08,5.864,-31.61953646
1.25E-08,5.865,-31.4502938
1.25E-08,5.866,-31.27487463
1.25E-08,5.867,-31.09278076
1.25E-08,5.868,-30.90345354
1.25E-08,5.869,-30.70626413
1.25E-08,5.87,-30.50050169
1.25E-08,5.871,-30.28535918
1.25E-08,5.872,-30.0599159
1.25E-08,5.873,-29.82311608
1.25E-08,5.874,-29.57374237
1.25E-08,5.875,-29.31038257
1.25E-08,5.876,-29.03138765
1.25E-08,5.877,-28.73481818
1.25E-08,5.878,-28.41837499
1.25E-08,5.879,-28.07930857
1.25E-08,5.88,-27.7142986
1.25E-08,5.881,-27.31929146
1.25E-08,5.882,-26.88927696
1.25E-08,5.883,-26.41797489
1.25E-08,5.884,-25.89738488
1.25E-08,5.885,-25.31712154
1.25E-08,5.886,-24.66340052
1.25E-08,5.887,-23.91743193
1.25E-08,5.888,-23.05275388
1.25E-08,5.889,-22.03054688
1.25E-08,5.89,-20.79078337
1.25E-08,5.891,-19.23385082
1.25E-08,5.892,-17.1771444
1.25E-08,5.893,-14.23161576
1.25E-08,5.894,-9.340218042
1.25E-08,5.895,-0.456655953
1.25E-08,5.896,-8.881778041
1.25E-08,5.897,-15.27554933
1.25E-08,5.898,-19.37755407
1.25E-08,5.899,-22.50398001
1.25E-08,5.9,-25.12157995
1.25E-08,5.901,-27.4505939
1.25E-08,5.902,-29.61859573
1.25E-08,5.903,-31.71386011
1.25E-08,5.904,-33.809685
1.25E-08,5.905,-35.97996818
1.25E-08,5.906,-38.31520632
1.25E-08,5.907,-40.94871735
1.25E-08,5.908,-44.11709382
1.25E-08,5.909,-48.34981855
1.25E-08,5.91,-55.4354644
1.25E-08,5.911,-72.93208844
1.25E-08,5.912,-54.12173121
1.25E-08,5.913,-48.95656232
1.25E-08,5.914,-45.94101565
1.25E-08,5.915,-43.83846282
1.25E-08,5.916,-42.23820034
1.25E-08,5.917,-40.95300852
1.25E-08,5.918,-39.8819753
1.25E-08,5.919,-38.96463403
1.25E-08,5.92,-38.16198638
1.25E-08,5.921,-37.44747393
1.25E-08,5.922,-36.80223348
1.25E-08,5.923,-36.21240907
1.25E-08,5.924,-35.66753743
1.25E-08,5.925,-35.15953084
1.25E-08,5.926,-34.682011
1.25E-08,5.927,-34.22985834
1.25E-08,5.928,-33.79889813
1.25E-08,5.929,-33.38567677
1.25E-08,5.93,-32.9872988
1.25E-08,5.931,-32.6013057
1.25E-08,5.932,-32.22558456
1.25E-08,5.933,-31.85829771
1.25E-08,5.934,-31.49782798
1.25E-08,5.935,-31.1427354
1.25E-08,5.936,-30.79172236
1.25E-08,5.937,-30.44360535
1.25E-08,5.938,-30.09729138
1.25E-08,5.939,-29.7517583
1.25E-08,5.94,-29.40603777
1.25E-08,5.941,-29.05920043
1.25E-08,5.942,-28.71034251
1.25E-08,5.943,-28.3585735
1.25E-08,5.944,-28.00300454
1.25E-08,5.945,-27.64273701
1.25E-08,5.946,-27.27685102
1.25E-08,5.947,-26.9043936
1.25E-08,5.948,-26.52436599
1.25E-08,5.949,-26.13570984
1.25E-08,5.95,-25.73729165
1.25E-08,5.951,-25.32788508
1.25E-08,5.952,-24.90615027
1.25E-08,5.953,-24.47060945
1.25E-08,5.954,-24.01961747
1.25E-08,5.955,-23.55132608
1.25E-08,5.956,-23.06363962
1.25E-08,5.957,-22.55415968
1.25E-08,5.958,-22.02011491
1.25E-08,5.959,-21.45827075
1.25E-08,5.96,-20.86481171
1.25E-08,5.961,-20.23518557
1.25E-08,5.962,-19.56389358
1.25E-08,5.963,-18.84420288
1.25E-08,5.964,-18.06774455
1.25E-08,5.965,-17.22393951
1.25E-08,5.966,-16.29915922
1.25E-08,5.967,-15.27546781
1.25E-08,5.968,-14.12869046
1.25E-08,5.969,-12.82538748
1.25E-08,5.97,-11.31810897
1.25E-08,5.971,-9.538453649
1.25E-08,5.972,-7.39087603
1.25E-08,5.973,-4.777224477
1.25E-08,5.974,-1.863817028
1.25E-08,5.975,-0.269548591
1.25E-08,5.976,-1.970981316
1.25E-08,5.977,-4.848729118
1.25E-08,5.978,-7.396757314
1.25E-08,5.979,-9.481864359
1.25E-08,5.98,-11.20452603
1.25E-08,5.981,-12.65880435
1.25E-08,5.982,-13.91171109
1.25E-08,5.983,-15.00972071
1.25E-08,5.984,-15.98560423
1.25E-08,5.985,-16.86306459
1.25E-08,5.986,-17.65968954
1.25E-08,5.987,-18.38883803
1.25E-08,5.988,-19.06086993
1.25E-08,5.989,-19.68396749
1.25E-08,5.99,-20.26469788
1.25E-08,5.991,-20.80840722
1.25E-08,5.992,-21.31950267
1.25E-08,5.993,-21.80165818
1.25E-08,5.994,-22.25796727
1.25E-08,5.995,-22.69105824
1.25E-08,5.996,-23.10318234
1.25E-08,5.997,-23.49628212
1.25E-08,5.998,-23.872045
1.25E-08,5.999,-24.23194585
1.25E-08,6,-24.57728099
1.25E-08,6.001,-24.9091957
1.25E-08,6.002,-25.22870673
1.25E-08,6.003,-25.53672068
1.25E-08,6.004,-25.83404928
1.25E-08,6.005,-26.12142209
1.25E-08,6.006,-26.39949719
1.25E-08,6.007,-26.66887015
1.25E-08,6.008,-26.93008167
1.25E-08,6.009,-27.18362407
1.25E-08,6.01,-27.42994688
1.25E-08,6.011,-27.6694616
1.25E-08,6.012,-27.90254588
1.25E-08,6.013,-28.12954711
1.25E-08,6.014,-28.35078552
1.25E-08,6.015,-28.56655695
1.25E-08,6.016,-28.77713525
1.25E-08,6.017,-28.98277439
1.25E-08,6.018,-29.18371033
1.25E-08,6.019,-29.38016266
1.25E-08,6.02,-29.57233609
1.25E-08,6.021,-29.76042176
1.25E-08,6.022,-29.94459839
1.25E-08,6.023,-30.12503333
1.25E-08,6.024,-30.30188352
1.25E-08,6.025,-30.47529629
1.25E-08,6.026,-30.64541018
1.25E-08,6.027,-30.81235557
1.25E-08,6.028,-30.97625534
1.25E-08,6.029,-31.13722542
1.25E-08,6.03,-31.29537528
1.25E-08,6.031,-31.45080845
1.25E-08,6.032,-31.60362289
1.25E-08,6.033,-31.75391141
1.25E-08,6.034,-31.901762
1.25E-08,6.035,-32.04725819
1.25E-08,6.036,-32.1904793
1.25E-08,6.037,-32.33150077
1.25E-08,6.038,-32.47039435
1.25E-08,6.039,-32.60722838
1.25E-08,6.04,-32.74206801
1.25E-08,6.041,-32.87497532
1.25E-08,6.042,-33.00600961
1.25E-08,6.043,-33.13522749
1.25E-08,6.044,-33.26268306
1.25E-08,6.045,-33.38842808
1.25E-08,6.046,-33.51251206
1.25E-08,6.047,-33.63498242
1.25E-08,6.048,-33.75588459
1.25E-08,6.049,-33.87526214
1.25E-08,6.05,-33.99315685
1.25E-08,6.051,-34.10960882
1.25E-08,6.052,-34.22465657
1.25E-08,6.053,-34.3383371
1.25E-08,6.054,-34.450686
1.25E-08,6.055,-34.56173748
1.25E-08,6.056,-34.67152447
1.25E-08,6.057,-34.78007867
1.25E-08,6.058,-34.88743062
1.25E-08,6.059,-34.99360975
1.25E-08,6.06,-35.09864444
1.25E-08,6.061,-35.20256203
1.25E-08,6.062,-35.30538895
1.25E-08,6.063,-35.40715068
1.25E-08,6.064,-35.50787184
1.25E-08,6.065,-35.60757621
1.25E-08,6.066,-35.70628678
1.25E-08,6.067,-35.80402577
1.25E-08,6.068,-35.90081468
1.25E-08,6.069,-35.9966743
1.25E-08,6.07,-36.09162477
1.25E-08,6.071,-36.18568558
1.25E-08,6.072,-36.27887562
1.25E-08,6.073,-36.37121317
1.25E-08,6.074,-36.46271598
1.25E-08,6.075,-36.55340122
1.25E-08,6.076,-36.64328558
1.25E-08,6.077,-36.73238523
1.25E-08,6.078,-36.82071586
1.25E-08,6.079,-36.90829273
1.25E-08,6.08,-36.99513063
1.25E-08,6.081,-37.08124392
1.25E-08,6.082,-37.16664658
1.25E-08,6.083,-37.25135218
1.25E-08,6.084,-37.33537392
1.25E-08,6.085,-37.41872461
1.25E-08,6.086,-37.50141674
1.25E-08,6.087,-37.58346246
1.25E-08,6.088,-37.66487356
1.25E-08,6.089,-37.74566156
1.25E-08,6.09,-37.82583766
1.25E-08,6.091,-37.90541274
1.25E-08,6.092,-37.98439744
1.25E-08,6.093,-38.06280209
1.25E-08,6.094,-38.1406368
1.25E-08,6.095,-38.21791137
1.25E-08,6.096,-38.29463541
1.25E-08,6.097,-38.37081825
1.25E-08,6.098,-38.446469
1.25E-08,6.099,-38.52159657
1.25E-08,6.1,-38.59620962
1.26E-08,5.85,-33.32901637
1.26E-08,5.851,-33.20397409
1.26E-08,5.852,-33.07558495
1.26E-08,5.853,-32.94364163
1.26E-08,5.854,-32.80791713
1.26E-08,5.855,-32.66816232
1.26E-08,5.856,-32.52410306
1.26E-08,5.857,-32.37543691
1.26E-08,5.858,-32.22182918
1.26E-08,5.859,-32.06290844
1.26E-08,5.86,-31.89826112
1.26E-08,5.861,-31.72742521
1.26E-08,5.862,-31.54988267
1.26E-08,5.863,-31.36505044
1.26E-08,5.864,-31.17226961
1.26E-08,5.865,-30.97079222
1.26E-08,5.866,-30.75976531
1.26E-08,5.867,-30.53821118
1.26E-08,5.868,-30.30500307
1.26E-08,5.869,-30.0588347
1.26E-08,5.87,-29.79818193
1.26E-08,5.871,-29.52125384
1.26E-08,5.872,-29.22592979
1.26E-08,5.873,-28.90967719
1.26E-08,5.874,-28.56944276
1.26E-08,5.875,-28.20150641
1.26E-08,5.876,-27.80128126
1.26E-08,5.877,-27.36303489
1.26E-08,5.878,-26.87949121
1.26E-08,5.879,-26.34124745
1.26E-08,5.88,-25.73589332
1.26E-08,5.881,-25.04663136
1.26E-08,5.882,-24.25001932
1.26E-08,5.883,-23.31207321
1.26E-08,5.884,-22.18107076
1.26E-08,5.885,-20.77304877
1.26E-08,5.886,-18.93890564
1.26E-08,5.887,-16.37600408
1.26E-08,5.888,-12.31964511
1.26E-08,5.889,-4.069920624
1.26E-08,5.89,-6.657233905
1.26E-08,5.891,-14.810573
1.26E-08,5.892,-19.54158726
1.26E-08,5.893,-23.01050561
1.26E-08,5.894,-25.86935274
1.26E-08,5.895,-28.40094742
1.26E-08,5.896,-30.76303322
1.26E-08,5.897,-33.06478557
1.26E-08,5.898,-35.40073028
1.26E-08,5.899,-37.87448061
1.26E-08,5.9,-40.62895623
1.26E-08,5.901,-43.91012361
1.26E-08,5.902,-48.26391091
1.26E-08,5.903,-55.55315746
1.26E-08,5.904,-71.28853382
1.26E-08,5.905,-53.92695012
1.26E-08,5.906,-48.90219743
1.26E-08,5.907,-45.96687108
1.26E-08,5.908,-43.92572518
1.26E-08,5.909,-42.3776278
1.26E-08,5.91,-41.13896482
1.26E-08,5.911,-40.11059524
1.26E-08,5.912,-39.23308431
1.26E-08,5.913,-38.46810994
1.26E-08,5.914,-37.78959542
1.26E-08,5.915,-37.17904244
1.26E-08,5.916,-36.62288445
1.26E-08,5.917,-36.11089639
1.26E-08,5.918,-35.63519236
1.26E-08,5.919,-35.18956975
1.26E-08,5.92,-34.76906508
1.26E-08,5.921,-34.36964545
1.26E-08,5.922,-33.98798847
1.26E-08,5.923,-33.62132223
1.26E-08,5.924,-33.2673066
1.26E-08,5.925,-32.92394385
1.26E-08,5.926,-32.58951014
1.26E-08,5.927,-32.26250233
1.26E-08,5.928,-31.94159623
1.26E-08,5.929,-31.62561318
1.26E-08,5.93,-31.31349328
1.26E-08,5.931,-31.00427329
1.26E-08,5.932,-30.69706861
1.26E-08,5.933,-30.39105791
1.26E-08,5.934,-30.08547021
1.26E-08,5.935,-29.77957365
1.26E-08,5.936,-29.47266563
1.26E-08,5.937,-29.16406389
1.26E-08,5.938,-28.8530984
1.26E-08,5.939,-28.53910372
1.26E-08,5.94,-28.2214116
1.26E-08,5.941,-27.89934374
1.26E-08,5.942,-27.57220441
1.26E-08,5.943,-27.23927275
1.26E-08,5.944,-26.89979469
1.26E-08,5.945,-26.55297401
1.26E-08,5.946,-26.19796254
1.26E-08,5.947,-25.83384909
1.26E-08,5.948,-25.45964669
1.26E-08,5.949,-25.07427781
1.26E-08,5.95,-24.67655693
1.26E-08,5.951,-24.26516976
1.26E-08,5.952,-23.83864812
1.26E-08,5.953,-23.39533944
1.26E-08,5.954,-22.93336899
1.26E-08,5.955,-22.45059296
1.26E-08,5.956,-21.94453912
1.26E-08,5.957,-21.41233117
1.26E-08,5.958,-20.85059091
1.26E-08,5.959,-20.25530987
1.26E-08,5.96,-19.62167849
1.26E-08,5.961,-18.94385482
1.26E-08,5.962,-18.21464591
1.26E-08,5.963,-17.42505988
1.26E-08,5.964,-16.56366278
1.26E-08,5.965,-15.61563384
1.26E-08,5.966,-14.56134478
1.26E-08,5.967,-13.3741786
1.26E-08,5.968,-12.0171453
1.26E-08,5.969,-10.43776698
1.26E-08,5.97,-8.561621689
1.26E-08,5.971,-6.292973608
1.26E-08,5.972,-3.585947342
1.26E-08,5.973,-0.946034412
1.26E-08,5.974,-0.525302847
1.26E-08,5.975,-2.855162317
1.26E-08,5.976,-5.609382609
1.26E-08,5.977,-7.956892847
1.26E-08,5.978,-9.889412912
1.26E-08,5.979,-11.50329835
1.26E-08,5.98,-12.87889474
1.26E-08,5.981,-14.07333568
1.26E-08,5.982,-15.12675562
1.26E-08,5.983,-16.06785658
1.26E-08,5.984,-16.91766494
1.26E-08,5.985,-17.69195547
1.26E-08,5.986,-18.40282386
1.26E-08,5.987,-19.05972673
1.26E-08,5.988,-19.67018543
1.26E-08,5.989,-20.24027357
1.26E-08,5.99,-20.774962
1.26E-08,5.991,-21.27836787
1.26E-08,5.992,-21.75393784
1.26E-08,5.993,-22.20458494
1.26E-08,5.994,-22.63279257
1.26E-08,5.995,-23.04069437
1.26E-08,5.996,-23.43013656
1.26E-08,5.997,-23.80272705
1.26E-08,5.998,-24.15987444
1.26E-08,5.999,-24.50281955
1.26E-08,6,-24.83266084
1.26E-08,6.001,-25.15037528
1.26E-08,6.002,-25.45683555
1.26E-08,6.003,-25.75282427
1.26E-08,6.004,-26.03904595
1.26E-08,6.005,-26.31613695
1.26E-08,6.006,-26.58467398
1.26E-08,6.007,-26.8451813
1.26E-08,6.008,-27.09813683
1.26E-08,6.009,-27.34397746
1.26E-08,6.01,-27.58310356
1.26E-08,6.011,-27.81588294
1.26E-08,6.012,-28.04265428
1.26E-08,6.013,-28.26373008
1.26E-08,6.014,-28.4793993
1.26E-08,6.015,-28.68992966
1.26E-08,6.016,-28.89556965
1.26E-08,6.017,-29.09655029
1.26E-08,6.018,-29.2930868
1.26E-08,6.019,-29.48537992
1.26E-08,6.02,-29.67361723
1.26E-08,6.021,-29.85797422
1.26E-08,6.022,-30.03861537
1.26E-08,6.023,-30.21569497
1.26E-08,6.024,-30.38935801
1.26E-08,6.025,-30.55974086
1.26E-08,6.026,-30.72697197
1.26E-08,6.027,-30.89117244
1.26E-08,6.028,-31.05245659
1.26E-08,6.029,-31.21093244
1.26E-08,6.03,-31.36670218
1.26E-08,6.031,-31.51986255
1.26E-08,6.032,-31.67050527
1.26E-08,6.033,-31.81871732
1.26E-08,6.034,-31.9645813
1.26E-08,6.035,-32.10817571
1.26E-08,6.036,-32.24957519
1.26E-08,6.037,-32.38885082
1.26E-08,6.038,-32.52607029
1.26E-08,6.039,-32.66129815
1.26E-08,6.04,-32.79459597
1.26E-08,6.041,-32.92602254
1.26E-08,6.042,-33.05563402
1.26E-08,6.043,-33.18348412
1.26E-08,6.044,-33.3096242
1.26E-08,6.045,-33.43410345
1.26E-08,6.046,-33.55696897
1.26E-08,6.047,-33.6782659
1.26E-08,6.048,-33.79803755
1.26E-08,6.049,-33.91632546
1.26E-08,6.05,-34.03316951
1.26E-08,6.051,-34.14860803
1.26E-08,6.052,-34.26267785
1.26E-08,6.053,-34.37541436
1.26E-08,6.054,-34.48685166
1.26E-08,6.055,-34.59702252
1.26E-08,6.056,-34.70595853
1.26E-08,6.057,-34.81369011
1.26E-08,6.058,-34.9202466
1.26E-08,6.059,-35.02565628
1.26E-08,6.06,-35.12994643
1.26E-08,6.061,-35.23314338
1.26E-08,6.062,-35.33527257
1.26E-08,6.063,-35.43635854
1.26E-08,6.064,-35.53642504
1.26E-08,6.065,-35.63549501
1.26E-08,6.066,-35.73359063
1.26E-08,6.067,-35.83073336
1.26E-08,6.068,-35.92694398
1.26E-08,6.069,-36.02224259
1.26E-08,6.07,-36.11664867
1.26E-08,6.071,-36.21018109
1.26E-08,6.072,-36.30285812
1.26E-08,6.073,-36.39469749
1.26E-08,6.074,-36.48571639
1.26E-08,6.075,-36.57593148
1.26E-08,6.076,-36.66535894
1.26E-08,6.077,-36.75401448
1.26E-08,6.078,-36.84191333
1.26E-08,6.079,-36.9290703
1.26E-08,6.08,-37.01549977
1.26E-08,6.081,-37.10121571
1.26E-08,6.082,-37.18623172
1.26E-08,6.083,-37.27056099
1.26E-08,6.084,-37.35421637
1.26E-08,6.085,-37.43721034
1.26E-08,6.086,-37.51955508
1.26E-08,6.087,-37.6012624
1.26E-08,6.088,-37.68234383
1.26E-08,6.089,-37.76281057
1.26E-08,6.09,-37.84267356
1.26E-08,6.091,-37.92194343
1.26E-08,6.092,-38.00063055
1.26E-08,6.093,-38.07874502
1.26E-08,6.094,-38.1562967
1.26E-08,6.095,-38.23329518
1.26E-08,6.096,-38.30974985
1.26E-08,6.097,-38.38566983
1.26E-08,6.098,-38.46106404
1.26E-08,6.099,-38.53594118
1.26E-08,6.1,-38.61030974
1.26E-08,5.85,-33.06560912
1.26E-08,5.851,-32.9251509
1.26E-08,5.852,-32.78006165
1.26E-08,5.853,-32.62999147
1.26E-08,5.854,-32.47455063
1.26E-08,5.855,-32.31330357
1.26E-08,5.856,-32.14576169
1.26E-08,5.857,-31.97137486
1.26E-08,5.858,-31.78952112
1.26E-08,5.859,-31.59949421
1.26E-08,5.86,-31.40048841
1.26E-08,5.861,-31.19157989
1.26E-08,5.862,-30.97170363
1.26E-08,5.863,-30.73962462
1.26E-08,5.864,-30.49390157
1.26E-08,5.865,-30.23284066
1.26E-08,5.866,-29.95443608
1.26E-08,5.867,-29.65629243
1.26E-08,5.868,-29.33552224
1.26E-08,5.869,-28.98860845
1.26E-08,5.87,-28.61121662
1.26E-08,5.871,-28.19793365
1.26E-08,5.872,-27.74189578
1.26E-08,5.873,-27.23424571
1.26E-08,5.874,-26.66331563
1.26E-08,5.875,-26.01335455
1.26E-08,5.876,-25.26245915
1.26E-08,5.877,-24.37903139
1.26E-08,5.878,-23.31530594
1.26E-08,5.879,-21.9944874
1.26E-08,5.88,-20.28212052
1.26E-08,5.881,-17.91117715
1.26E-08,5.882,-14.22994531
1.26E-08,5.883,-6.915926443
1.26E-08,5.884,-5.278957592
1.26E-08,5.885,-14.96618054
1.26E-08,5.886,-20.16208372
1.26E-08,5.887,-23.88465133
1.26E-08,5.888,-26.93619601
1.26E-08,5.889,-29.64702192
1.26E-08,5.89,-32.19997275
1.26E-08,5.891,-34.72630864
1.26E-08,5.892,-37.3500071
1.26E-08,5.893,-40.22617294
1.26E-08,5.894,-43.60847191
1.26E-08,5.895,-48.04779088
1.26E-08,5.896,-55.40930443
1.26E-08,5.897,-71.23894658
1.26E-08,5.898,-53.91420735
1.26E-08,5.899,-48.94043855
1.26E-08,5.9,-46.05231631
1.26E-08,5.901,-44.05476684
1.26E-08,5.902,-42.54717924
1.26E-08,5.903,-41.3464279
1.26E-08,5.904,-40.35379009
1.26E-08,5.905,-39.51018386
1.26E-08,5.906,-38.77758563
1.26E-08,5.907,-38.13017281
1.26E-08,5.908,-37.5496653
1.26E-08,5.909,-37.02268598
1.26E-08,5.91,-36.53917577
1.26E-08,5.911,-36.09139591
1.26E-08,5.912,-35.67327547
1.26E-08,5.913,-35.27997041
1.26E-08,5.914,-34.90755722
1.26E-08,5.915,-34.55281499
1.26E-08,5.916,-34.21306703
1.26E-08,5.917,-33.88606378
1.26E-08,5.918,-33.56989446
1.26E-08,5.919,-33.26291994
1.26E-08,5.92,-32.96372049
1.26E-08,5.921,-32.67105494
1.26E-08,5.922,-32.38382828
1.26E-08,5.923,-32.10106563
1.26E-08,5.924,-31.8218912
1.26E-08,5.925,-31.54551093
1.26E-08,5.926,-31.27119825
1.26E-08,5.927,-30.99828201
1.26E-08,5.928,-30.72613637
1.26E-08,5.929,-30.454172
1.26E-08,5.93,-30.18182854
1.26E-08,5.931,-29.90856783
1.26E-08,5.932,-29.63386791
1.26E-08,5.933,-29.3572175
1.26E-08,5.934,-29.07811083
1.26E-08,5.935,-28.79604276
1.26E-08,5.936,-28.51050398
1.26E-08,5.937,-28.22097628
1.26E-08,5.938,-27.92692772
1.26E-08,5.939,-27.62780757
1.26E-08,5.94,-27.323041
1.26E-08,5.941,-27.01202334
1.26E-08,5.942,-26.69411374
1.26E-08,5.943,-26.36862813
1.26E-08,5.944,-26.03483123
1.26E-08,5.945,-25.69192746
1.26E-08,5.946,-25.33905033
1.26E-08,5.947,-24.97525011
1.26E-08,5.948,-24.59947924
1.26E-08,5.949,-24.21057486
1.26E-08,5.95,-23.80723793
1.26E-08,5.951,-23.38800772
1.26E-08,5.952,-22.95123054
1.26E-08,5.953,-22.4950211
1.26E-08,5.954,-22.01721407
1.26E-08,5.955,-21.51530282
1.26E-08,5.956,-20.98636096
1.26E-08,5.957,-20.42694066
1.26E-08,5.958,-19.83293903
1.26E-08,5.959,-19.19941973
1.26E-08,5.96,-18.52037115
1.26E-08,5.961,-17.78837243
1.26E-08,5.962,-16.99412327
1.26E-08,5.963,-16.12576793
1.26E-08,5.964,-15.16790161
1.26E-08,5.965,-14.1000782
1.26E-08,5.966,-12.89453076
1.26E-08,5.967,-11.51268491
1.26E-08,5.968,-9.900105082
1.26E-08,5.969,-7.981176582
1.26E-08,5.97,-5.666854293
1.26E-08,5.971,-2.964770717
1.26E-08,5.972,-0.611222806
1.26E-08,5.973,-0.778685952
1.26E-08,5.974,-3.24034657
1.26E-08,5.975,-5.891446309
1.26E-08,5.976,-8.138003707
1.26E-08,5.977,-9.998108914
1.26E-08,5.978,-11.56115005
1.26E-08,5.979,-12.90025153
1.26E-08,5.98,-14.06777645
1.26E-08,5.981,-15.10085478
1.26E-08,5.982,-16.02626671
1.26E-08,5.983,-16.8637728
1.26E-08,5.984,-17.6282883
1.26E-08,5.985,-18.33130824
1.26E-08,5.986,-18.98185866
1.26E-08,5.987,-19.58714515
1.26E-08,5.988,-20.1530051
1.26E-08,5.989,-20.68422947
1.26E-08,5.99,-21.18479625
1.26E-08,5.991,-21.65804298
1.26E-08,5.992,-22.10679603
1.26E-08,5.993,-22.53346916
1.26E-08,5.994,-22.94013961
1.26E-08,5.995,-23.32860738
1.26E-08,5.996,-23.70044226
1.26E-08,5.997,-24.05702118
1.26E-08,5.998,-24.39955842
1.26E-08,5.999,-24.72913014
1.26E-08,6,-25.04669439
1.26E-08,6.001,-25.35310777
1.26E-08,6.002,-25.64913916
1.26E-08,6.003,-25.93548122
1.26E-08,6.004,-26.21276015
1.26E-08,6.005,-26.48154384
1.26E-08,6.006,-26.7423489
1.26E-08,6.007,-26.99564658
1.26E-08,6.008,-27.24186794
1.26E-08,6.009,-27.48140827
1.26E-08,6.01,-27.7146309
1.26E-08,6.011,-27.94187057
1.26E-08,6.012,-28.16343632
1.26E-08,6.013,-28.37961404
1.26E-08,6.014,-28.59066873
1.26E-08,6.015,-28.79684648
1.26E-08,6.016,-28.9983762
1.26E-08,6.017,-29.19547119
1.26E-08,6.018,-29.38833054
1.26E-08,6.019,-29.5771403
1.26E-08,6.02,-29.76207466
1.26E-08,6.021,-29.94329689
1.26E-08,6.022,-30.12096024
1.26E-08,6.023,-30.29520874
1.26E-08,6.024,-30.46617794
1.26E-08,6.025,-30.63399552
1.26E-08,6.026,-30.79878192
1.26E-08,6.027,-30.96065086
1.26E-08,6.028,-31.11970984
1.26E-08,6.029,-31.27606058
1.26E-08,6.03,-31.42979939
1.26E-08,6.031,-31.58101763
1.26E-08,6.032,-31.72980194
1.26E-08,6.033,-31.87623463
1.26E-08,6.034,-32.02039395
1.26E-08,6.035,-32.16235432
1.26E-08,6.036,-32.30218661
1.26E-08,6.037,-32.43995835
1.26E-08,6.038,-32.57573392
1.26E-08,6.039,-32.70957478
1.26E-08,6.04,-32.84153961
1.26E-08,6.041,-32.97168447
1.26E-08,6.042,-33.10006299
1.26E-08,6.043,-33.22672647
1.26E-08,6.044,-33.35172404
1.26E-08,6.045,-33.47510277
1.26E-08,6.046,-33.59690777
1.26E-08,6.047,-33.71718232
1.26E-08,6.048,-33.83596795
1.26E-08,6.049,-33.95330454
1.26E-08,6.05,-34.06923042
1.26E-08,6.051,-34.1837824
1.26E-08,6.052,-34.29699593
1.26E-08,6.053,-34.40890508
1.26E-08,6.054,-34.51954268
1.26E-08,6.055,-34.62894032
1.26E-08,6.056,-34.73712847
1.26E-08,6.057,-34.84413648
1.26E-08,6.058,-34.94999268
1.26E-08,6.059,-35.05472438
1.26E-08,6.06,-35.15835795
1.26E-08,6.061,-35.26091888
1.26E-08,6.062,-35.36243175
1.26E-08,6.063,-35.46292035
1.26E-08,6.064,-35.56240766
1.26E-08,6.065,-35.66091592
1.26E-08,6.066,-35.75846664
1.26E-08,6.067,-35.85508063
1.26E-08,6.068,-35.95077807
1.26E-08,6.069,-36.04557846
1.26E-08,6.07,-36.13950074
1.26E-08,6.071,-36.23256322
1.26E-08,6.072,-36.32478369
1.26E-08,6.073,-36.41617937
1.26E-08,6.074,-36.506767
1.26E-08,6.075,-36.59656281
1.26E-08,6.076,-36.68558253
1.26E-08,6.077,-36.77384147
1.26E-08,6.078,-36.86135448
1.26E-08,6.079,-36.94813599
1.26E-08,6.08,-37.03420003
1.26E-08,6.081,-37.11956023
1.26E-08,6.082,-37.20422985
1.26E-08,6.083,-37.28822178
1.26E-08,6.084,-37.37154856
1.26E-08,6.085,-37.4542224
1.26E-08,6.086,-37.53625517
1.26E-08,6.087,-37.61765844
1.26E-08,6.088,-37.69844347
1.26E-08,6.089,-37.77862123
1.26E-08,6.09,-37.8582024
1.26E-08,6.091,-37.93719741
1.26E-08,6.092,-38.01561639
1.26E-08,6.093,-38.09346925
1.26E-08,6.094,-38.17076564
1.26E-08,6.095,-38.24751495
1.26E-08,6.096,-38.32372639
1.26E-08,6.097,-38.39940889
1.26E-08,6.098,-38.47457121
1.26E-08,6.099,-38.54922188
1.26E-08,6.1,-38.62336922
1.26E-08,5.85,-32.69806476
1.26E-08,5.851,-32.5325897
1.26E-08,5.852,-32.36002064
1.26E-08,5.853,-32.17968013
1.26E-08,5.854,-31.99079463
1.26E-08,5.855,-31.79247637
1.26E-08,5.856,-31.58370095
1.26E-08,5.857,-31.36327932
1.26E-08,5.858,-31.12982248
1.26E-08,5.859,-30.88169643
1.26E-08,5.86,-30.61696421
1.26E-08,5.861,-30.3333103
1.26E-08,5.862,-30.02794061
1.26E-08,5.863,-29.69744831
1.26E-08,5.864,-29.33763043
1.26E-08,5.865,-28.94323271
1.26E-08,5.866,-28.50758628
1.26E-08,5.867,-28.0220772
1.26E-08,5.868,-27.47534865
1.26E-08,5.869,-26.85205826
1.26E-08,5.87,-26.13085926
1.26E-08,5.871,-25.28094799
1.26E-08,5.872,-24.2557653
1.26E-08,5.873,-22.98050696
1.26E-08,5.874,-21.32440549
1.26E-08,5.875,-19.02846367
1.26E-08,5.876,-15.46284441
1.26E-08,5.877,-8.348847202
1.26E-08,5.878,-5.328434789
1.26E-08,5.879,-15.82958678
1.26E-08,5.88,-21.2447849
1.26E-08,5.881,-25.11665434
1.26E-08,5.882,-28.31223048
1.26E-08,5.883,-31.18534458
1.26E-08,5.884,-33.93832662
1.26E-08,5.885,-36.72948164
1.26E-08,5.886,-39.7315
1.26E-08,5.887,-43.20538642
1.26E-08,5.888,-47.69623014
1.26E-08,5.889,-55.0005631
1.26E-08,5.89,-72.78339097
1.26E-08,5.891,-54.07850426
1.26E-08,5.892,-49.06706796
1.26E-08,5.893,-46.19365632
1.26E-08,5.894,-44.22232841
1.26E-08,5.895,-42.74399966
1.26E-08,5.896,-41.57293965
1.26E-08,5.897,-40.6095045
1.26E-08,5.898,-39.79429496
1.26E-08,5.899,-39.08921393
1.26E-08,5.9,-38.46846995
1.26E-08,5.901,-37.91385871
1.26E-08,5.902,-37.41209622
1.26E-08,5.903,-36.95322097
1.26E-08,5.904,-36.52959038
1.26E-08,5.905,-36.13522561
1.26E-08,5.906,-35.76536977
1.26E-08,5.907,-35.41618139
1.26E-08,5.908,-35.08451692
1.26E-08,5.909,-34.76777285
1.26E-08,5.91,-34.46376922
1.26E-08,5.911,-34.17066205
1.26E-08,5.912,-33.88687667
1.26E-08,5.913,-33.61105617
1.26E-08,5.914,-33.34202115
1.26E-08,5.915,-33.0787379
1.26E-08,5.916,-32.82029284
1.26E-08,5.917,-32.56587212
1.26E-08,5.918,-32.31474474
1.26E-08,5.919,-32.06624884
1.26E-08,5.92,-31.81978023
1.26E-08,5.921,-31.57478278
1.26E-08,5.922,-31.33074034
1.26E-08,5.923,-31.0871697
1.26E-08,5.924,-30.8436147
1.26E-08,5.925,-30.59964086
1.26E-08,5.926,-30.35483076
1.26E-08,5.927,-30.10877989
1.26E-08,5.928,-29.86109272
1.26E-08,5.929,-29.61137926
1.26E-08,5.93,-29.35925164
1.26E-08,5.931,-29.10432089
1.26E-08,5.932,-28.84619376
1.26E-08,5.933,-28.58446963
1.26E-08,5.934,-28.31873715
1.26E-08,5.935,-28.048571
1.26E-08,5.936,-27.77352828
1.26E-08,5.937,-27.49314478
1.26E-08,5.938,-27.20693075
1.26E-08,5.939,-26.91436642
1.26E-08,5.94,-26.61489686
1.26E-08,5.941,-26.30792626
1.26E-08,5.942,-25.99281133
1.26E-08,5.943,-25.66885377
1.26E-08,5.944,-25.33529155
1.26E-08,5.945,-24.9912886
1.26E-08,5.946,-24.63592276
1.26E-08,5.947,-24.26817142
1.26E-08,5.948,-23.88689427
1.26E-08,5.949,-23.49081251
1.26E-08,5.95,-23.07848352
1.26E-08,5.951,-22.64826971
1.26E-08,5.952,-22.19829991
1.26E-08,5.953,-21.72642094
1.26E-08,5.954,-21.23013642
1.26E-08,5.955,-20.70652823
1.26E-08,5.956,-20.15215486
1.26E-08,5.957,-19.56291766
1.26E-08,5.958,-18.93388252
1.26E-08,5.959,-18.25903814
1.26E-08,5.96,-17.53096248
1.26E-08,5.961,-16.7403538
1.26E-08,5.962,-15.87535749
1.26E-08,5.963,-14.92057936
1.26E-08,5.964,-13.85560995
1.26E-08,5.965,-12.65278579
1.26E-08,5.966,-11.27380942
1.26E-08,5.967,-9.664996363
1.26E-08,5.968,-7.752885294
1.26E-08,5.969,-5.455103912
1.26E-08,5.97,-2.800225447
1.26E-08,5.971,-0.559623294
1.26E-08,5.972,-0.803295073
1.26E-08,5.973,-3.219157691
1.26E-08,5.974,-5.820635748
1.26E-08,5.975,-8.037537123
1.26E-08,5.976,-9.880529288
1.26E-08,5.977,-11.43338116
1.26E-08,5.978,-12.76625764
1.26E-08,5.979,-13.9299582
1.26E-08,5.98,-14.96074189
1.26E-08,5.981,-15.88487587
1.26E-08,5.982,-16.72180297
1.26E-08,5.983,-17.48623295
1.26E-08,5.984,-18.18952312
1.26E-08,5.985,-18.84060423
1.26E-08,5.986,-19.44661432
1.26E-08,5.987,-20.0133417
1.26E-08,5.988,-20.54554104
1.26E-08,5.989,-21.04716309
1.26E-08,5.99,-21.52152456
1.26E-08,5.991,-21.97143581
1.26E-08,5.992,-22.39929813
1.26E-08,5.993,-22.8071789
1.26E-08,5.994,-23.19687038
1.26E-08,5.995,-23.56993616
1.26E-08,5.996,-23.92774824
1.26E-08,5.997,-24.27151693
1.26E-08,5.998,-24.6023152
1.26E-08,5.999,-24.92109855
1.26E-08,6,-25.22872151
1.26E-08,6.001,-25.52595131
1.26E-08,6.002,-25.8134793
1.26E-08,6.003,-26.09193065
1.26E-08,6.004,-26.36187243
1.26E-08,6.005,-26.6238206
1.26E-08,6.006,-26.87824596
1.26E-08,6.007,-27.12557922
1.26E-08,6.008,-27.36621541
1.26E-08,6.009,-27.60051772
1.26E-08,6.01,-27.82882081
1.26E-08,6.011,-28.05143369
1.26E-08,6.012,-28.2686423
1.26E-08,6.013,-28.48071172
1.26E-08,6.014,-28.68788814
1.26E-08,6.015,-28.89040061
1.26E-08,6.016,-29.0884626
1.26E-08,6.017,-29.28227338
1.26E-08,6.018,-29.47201921
1.26E-08,6.019,-29.65787449
1.26E-08,6.02,-29.8400027
1.26E-08,6.021,-30.01855734
1.26E-08,6.022,-30.19368267
1.26E-08,6.023,-30.36551448
1.26E-08,6.024,-30.53418069
1.26E-08,6.025,-30.699802
1.26E-08,6.026,-30.86249237
1.26E-08,6.027,-31.02235955
1.26E-08,6.028,-31.17950549
1.26E-08,6.029,-31.33402677
1.26E-08,6.03,-31.48601497
1.26E-08,6.031,-31.63555698
1.26E-08,6.032,-31.78273535
1.26E-08,6.033,-31.92762855
1.26E-08,6.034,-32.07031125
1.26E-08,6.035,-32.21085454
1.26E-08,6.036,-32.34932616
1.26E-08,6.037,-32.48579074
1.26E-08,6.038,-32.62030992
1.26E-08,6.039,-32.7529426
1.26E-08,6.04,-32.88374507
1.26E-08,6.041,-33.01277114
1.26E-08,6.042,-33.14007232
1.26E-08,6.043,-33.26569794
1.26E-08,6.044,-33.38969524
1.26E-08,6.045,-33.51210954
1.26E-08,6.046,-33.63298429
1.26E-08,6.047,-33.7523612
1.26E-08,6.048,-33.87028033
1.26E-08,6.049,-33.98678017
1.26E-08,6.05,-34.10189771
1.26E-08,6.051,-34.21566856
1.26E-08,6.052,-34.32812696
1.26E-08,6.053,-34.43930587
1.26E-08,6.054,-34.54923706
1.26E-08,6.055,-34.65795113
1.26E-08,6.056,-34.7654776
1.26E-08,6.057,-34.87184491
1.26E-08,6.058,-34.97708053
1.26E-08,6.059,-35.08121098
1.26E-08,6.06,-35.18426184
1.26E-08,6.061,-35.28625786
1.26E-08,6.062,-35.38722294
1.26E-08,6.063,-35.48718019
1.26E-08,6.064,-35.58615197
1.26E-08,6.065,-35.68415991
1.26E-08,6.066,-35.78122494
1.26E-08,6.067,-35.87736733
1.26E-08,6.068,-35.97260672
1.26E-08,6.069,-36.06696214
1.26E-08,6.07,-36.16045202
1.26E-08,6.071,-36.25309423
1.26E-08,6.072,-36.34490613
1.26E-08,6.073,-36.43590452
1.26E-08,6.074,-36.52610573
1.26E-08,6.075,-36.61552562
1.26E-08,6.076,-36.70417955
1.26E-08,6.077,-36.79208249
1.26E-08,6.078,-36.87924895
1.26E-08,6.079,-36.96569304
1.26E-08,6.08,-37.05142848
1.26E-08,6.081,-37.13646861
1.26E-08,6.082,-37.2208264
1.26E-08,6.083,-37.30451447
1.26E-08,6.084,-37.38754511
1.26E-08,6.085,-37.46993027
1.26E-08,6.086,-37.55168158
1.26E-08,6.087,-37.63281038
1.26E-08,6.088,-37.71332772
1.26E-08,6.089,-37.79324434
1.26E-08,6.09,-37.87257073
1.26E-08,6.091,-37.95131711
1.26E-08,6.092,-38.02949343
1.26E-08,6.093,-38.10710941
1.26E-08,6.094,-38.18417452
1.26E-08,6.095,-38.260698
1.26E-08,6.096,-38.33668888
1.26E-08,6.097,-38.41215594
1.26E-08,6.098,-38.48710779
1.26E-08,6.099,-38.5615528
1.26E-08,6.1,-38.63549917
1.26E-08,5.85,-32.14875934
1.26E-08,5.851,-31.93804795
1.26E-08,5.852,-31.71473151
1.26E-08,5.853,-31.47720742
1.26E-08,5.854,-31.22357257
1.26E-08,5.855,-30.95154767
1.26E-08,5.856,-30.65837686
1.26E-08,5.857,-30.34069287
1.26E-08,5.858,-29.9943322
1.26E-08,5.859,-29.61407737
1.26E-08,5.86,-29.19328899
1.26E-08,5.861,-28.72336698
1.26E-08,5.862,-28.19293786
1.26E-08,5.863,-27.58658418
1.26E-08,5.864,-26.88277247
1.26E-08,5.865,-26.05029276
1.26E-08,5.866,-25.04172619
1.26E-08,5.867,-23.78039679
1.26E-08,5.868,-22.13112126
1.26E-08,5.869,-19.82277046
1.26E-08,5.87,-16.18090341
1.26E-08,5.871,-8.607066857
1.26E-08,5.872,-7.052291989
1.26E-08,5.873,-17.35213328
1.26E-08,5.874,-22.74345165
1.26E-08,5.875,-26.67347437
1.26E-08,5.876,-29.97809201
1.26E-08,5.877,-33.01261511
1.26E-08,5.878,-35.99802528
1.26E-08,5.879,-39.1353307
1.26E-08,5.88,-42.69500239
1.26E-08,5.881,-47.20789828
1.26E-08,5.882,-54.3435803
1.26E-08,5.883,-77.2440892
1.26E-08,5.884,-54.42773989
1.26E-08,5.885,-49.28154615
1.26E-08,5.886,-46.38900929
1.26E-08,5.887,-44.42630299
1.26E-08,5.888,-42.96607816
1.26E-08,5.889,-41.81671254
1.26E-08,5.89,-40.87623878
1.26E-08,5.891,-40.08424579
1.26E-08,5.892,-39.40218156
1.26E-08,5.893,-38.80405893
1.26E-08,5.894,-38.27160572
1.26E-08,5.895,-37.79153503
1.26E-08,5.896,-37.35391571
1.26E-08,5.897,-36.9511521
1.26E-08,5.898,-36.57731998
1.26E-08,5.899,-36.22771984
1.26E-08,5.9,-35.89856779
1.26E-08,5.901,-35.58677678
1.26E-08,5.902,-35.28979809
1.26E-08,5.903,-35.00550463
1.26E-08,5.904,-34.73210351
1.26E-08,5.905,-34.46806938
1.26E-08,5.906,-34.2120934
1.26E-08,5.907,-33.96304307
1.26E-08,5.908,-33.71993077
1.26E-08,5.909,-33.48188864
1.26E-08,5.91,-33.24814836
1.26E-08,5.911,-33.01802468
1.26E-08,5.912,-32.79090202
1.26E-08,5.913,-32.56622333
1.26E-08,5.914,-32.34348082
1.26E-08,5.915,-32.12220825
1.26E-08,5.916,-31.90197426
1.26E-08,5.917,-31.68237677
1.26E-08,5.918,-31.46303819
1.26E-08,5.919,-31.24360109
1.26E-08,5.92,-31.02372461
1.26E-08,5.921,-30.80308106
1.26E-08,5.922,-30.58135299
1.26E-08,5.923,-30.35823051
1.26E-08,5.924,-30.13340875
1.26E-08,5.925,-29.90658548
1.26E-08,5.926,-29.67745895
1.26E-08,5.927,-29.44572566
1.26E-08,5.928,-29.21107819
1.26E-08,5.929,-28.9732031
1.26E-08,5.93,-28.73177871
1.26E-08,5.931,-28.48647285
1.26E-08,5.932,-28.23694039
1.26E-08,5.933,-27.98282078
1.26E-08,5.934,-27.72373524
1.26E-08,5.935,-27.45928377
1.26E-08,5.936,-27.18904181
1.26E-08,5.937,-26.91255653
1.26E-08,5.938,-26.62934266
1.26E-08,5.939,-26.33887775
1.26E-08,5.94,-26.04059676
1.26E-08,5.941,-25.73388586
1.26E-08,5.942,-25.41807513
1.26E-08,5.943,-25.09243023
1.26E-08,5.944,-24.75614241
1.26E-08,5.945,-24.40831686
1.26E-08,5.946,-24.04795868
1.26E-08,5.947,-23.67395621
1.26E-08,5.948,-23.28506072
1.26E-08,5.949,-22.87986174
1.26E-08,5.95,-22.45675679
1.26E-08,5.951,-22.01391374
1.26E-08,5.952,-21.54922376
1.26E-08,5.953,-21.06024186
1.26E-08,5.954,-20.54411075
1.26E-08,5.955,-19.99746234
1.26E-08,5.956,-19.41628849
1.26E-08,5.957,-18.79576901
1.26E-08,5.958,-18.13003907
1.26E-08,5.959,-17.41186934
1.26E-08,5.96,-16.63221763
1.26E-08,5.961,-15.77958814
1.26E-08,5.962,-14.83909672
1.26E-08,5.963,-13.79108102
1.26E-08,5.964,-12.60900693
1.26E-08,5.965,-11.25633441
1.26E-08,5.966,-9.682150965
1.26E-08,5.967,-7.817138055
1.26E-08,5.968,-5.582750995
1.26E-08,5.969,-2.992383373
1.26E-08,5.97,-0.691060958
1.26E-08,5.971,-0.628741237
1.26E-08,5.972,-2.876203069
1.26E-08,5.973,-5.466088411
1.26E-08,5.974,-7.70697329
1.26E-08,5.975,-9.575886155
1.26E-08,5.976,-11.15085719
1.26E-08,5.977,-12.50190244
1.26E-08,5.978,-13.68057259
1.26E-08,5.979,-14.723859
1.26E-08,5.98,-15.65860011
1.26E-08,5.981,-16.50466252
1.26E-08,5.982,-17.27706827
1.26E-08,5.983,-17.98740651
1.26E-08,5.984,-18.64478242
1.26E-08,5.985,-19.25646706
1.26E-08,5.986,-19.82835177
1.26E-08,5.987,-20.36527208
1.26E-08,5.988,-20.87124299
1.26E-08,5.989,-21.34963297
1.26E-08,5.99,-21.80329444
1.26E-08,5.991,-22.23466331
1.26E-08,5.992,-22.64583568
1.26E-08,5.993,-23.03862787
1.26E-08,5.994,-23.41462378
1.26E-08,5.995,-23.77521267
1.26E-08,5.996,-24.12161968
1.26E-08,5.997,-24.45493051
1.26E-08,5.998,-24.77611177
1.26E-08,5.999,-25.08602764
1.26E-08,6,-25.38545384
1.26E-08,6.001,-25.67508921
1.26E-08,6.002,-25.95556553
1.26E-08,6.003,-26.22745578
1.26E-08,6.004,-26.49128121
1.26E-08,6.005,-26.74751733
1.26E-08,6.006,-26.99659911
1.26E-08,6.007,-27.23892547
1.26E-08,6.008,-27.47486307
1.26E-08,6.009,-27.70474975
1.26E-08,6.01,-27.92889744
1.26E-08,6.011,-28.14759472
1.26E-08,6.012,-28.36110912
1.26E-08,6.013,-28.56968906
1.26E-08,6.014,-28.77356569
1.26E-08,6.015,-28.97295437
1.26E-08,6.016,-29.16805614
1.26E-08,6.017,-29.35905891
1.26E-08,6.018,-29.54613862
1.26E-08,6.019,-29.72946017
1.26E-08,6.02,-29.9091784
1.26E-08,6.021,-30.08543881
1.26E-08,6.022,-30.25837835
1.26E-08,6.023,-30.42812606
1.26E-08,6.024,-30.59480365
1.26E-08,6.025,-30.75852606
1.26E-08,6.026,-30.91940195
1.26E-08,6.027,-31.07753413
1.26E-08,6.028,-31.23302
1.26E-08,6.029,-31.38595191
1.26E-08,6.03,-31.53641748
1.26E-08,6.031,-31.68449996
1.26E-08,6.032,-31.83027847
1.26E-08,6.033,-31.97382829
1.26E-08,6.034,-32.11522112
1.26E-08,6.035,-32.25452528
1.26E-08,6.036,-32.3918059
1.26E-08,6.037,-32.52712517
1.26E-08,6.038,-32.66054248
1.26E-08,6.039,-32.79211456
1.26E-08,6.04,-32.92189568
1.26E-08,6.041,-33.0499378
1.26E-08,6.042,-33.17629063
1.26E-08,6.043,-33.30100182
1.26E-08,6.044,-33.42411706
1.26E-08,6.045,-33.54568016
1.26E-08,6.046,-33.66573319
1.26E-08,6.047,-33.78431653
1.26E-08,6.048,-33.901469
1.26E-08,6.049,-34.0172279
1.26E-08,6.05,-34.13162912
1.26E-08,6.051,-34.24470719
1.26E-08,6.052,-34.35649536
1.26E-08,6.053,-34.46702565
1.26E-08,6.054,-34.57632893
1.26E-08,6.055,-34.68443494
1.26E-08,6.056,-34.79137238
1.26E-08,6.057,-34.89716894
1.26E-08,6.058,-35.00185136
1.26E-08,6.059,-35.10544545
1.26E-08,6.06,-35.20797615
1.26E-08,6.061,-35.30946756
1.26E-08,6.062,-35.40994299
1.26E-08,6.063,-35.50942499
1.26E-08,6.064,-35.60793536
1.26E-08,6.065,-35.70549521
1.26E-08,6.066,-35.80212499
1.26E-08,6.067,-35.89784449
1.26E-08,6.068,-35.9926729
1.26E-08,6.069,-36.08662881
1.26E-08,6.07,-36.17973025
1.26E-08,6.071,-36.2719947
1.26E-08,6.072,-36.36343913
1.26E-08,6.073,-36.45408
1.26E-08,6.074,-36.54393328
1.26E-08,6.075,-36.63301449
1.26E-08,6.076,-36.72133871
1.26E-08,6.077,-36.80892056
1.26E-08,6.078,-36.8957743
1.26E-08,6.079,-36.98191374
1.26E-08,6.08,-37.06735233
1.26E-08,6.081,-37.15210317
1.26E-08,6.082,-37.23617898
1.26E-08,6.083,-37.31959214
1.26E-08,6.084,-37.4023547
1.26E-08,6.085,-37.48447841
1.26E-08,6.086,-37.56597469
1.26E-08,6.087,-37.64685468
1.26E-08,6.088,-37.72712922
1.26E-08,6.089,-37.80680888
1.26E-08,6.09,-37.88590397
1.26E-08,6.091,-37.96442453
1.26E-08,6.092,-38.04238034
1.26E-08,6.093,-38.11978097
1.26E-08,6.094,-38.19663574
1.26E-08,6.095,-38.27295373
1.26E-08,6.096,-38.34874383
1.26E-08,6.097,-38.42401469
1.26E-08,6.098,-38.49877477
1.26E-08,6.099,-38.57303233
1.26E-08,6.1,-38.64679544
1.27E-08,5.85,-31.23589395
1.27E-08,5.851,-30.92809903
1.27E-08,5.852,-30.59187098
1.27E-08,5.853,-30.22192877
1.27E-08,5.854,-29.81152563
1.27E-08,5.855,-29.35188394
1.27E-08,5.856,-28.83133771
1.27E-08,5.857,-28.23398323
1.27E-08,5.858,-27.53746034
1.27E-08,5.859,-26.70910416
1.27E-08,5.86,-25.6987992
1.27E-08,5.861,-24.4244826
1.27E-08,5.862,-22.7389394
1.27E-08,5.863,-20.33896945
1.27E-08,5.864,-16.43290453
1.27E-08,5.865,-7.558664504
1.27E-08,5.866,-10.10072264
1.27E-08,5.867,-19.38030223
1.27E-08,5.868,-24.58172051
1.27E-08,5.869,-28.51286135
1.27E-08,5.87,-31.91568452
1.27E-08,5.871,-35.13666456
1.27E-08,5.872,-38.42653863
1.27E-08,5.873,-42.07178344
1.27E-08,5.874,-46.58450463
1.27E-08,5.875,-53.46925911
1.27E-08,5.876,-107.0357528
1.27E-08,5.877,-54.98551593
1.27E-08,5.878,-49.58731782
1.27E-08,5.879,-46.63834875
1.27E-08,5.88,-44.66571334
1.27E-08,5.881,-43.21220257
1.27E-08,5.882,-42.07657398
1.27E-08,5.883,-41.15298797
1.27E-08,5.884,-40.37926863
1.27E-08,5.885,-39.71600155
1.27E-08,5.886,-39.13676472
1.27E-08,5.887,-38.62306833
1.27E-08,5.888,-38.16152373
1.27E-08,5.889,-37.7421618
1.27E-08,5.89,-37.35738462
1.27E-08,5.891,-37.00128575
1.27E-08,5.892,-36.66919445
1.27E-08,5.893,-36.35736156
1.27E-08,5.894,-36.06273747
1.27E-08,5.895,-35.78281201
1.27E-08,5.896,-35.51549669
1.27E-08,5.897,-35.25903665
1.27E-08,5.898,-35.01194398
1.27E-08,5.899,-34.77294636
1.27E-08,5.9,-34.54094708
1.27E-08,5.901,-34.31499369
1.27E-08,5.902,-34.09425297
1.27E-08,5.903,-33.87799087
1.27E-08,5.904,-33.66555632
1.27E-08,5.905,-33.45636792
1.27E-08,5.906,-33.24990306
1.27E-08,5.907,-33.04568887
1.27E-08,5.908,-32.84329462
1.27E-08,5.909,-32.64232539
1.27E-08,5.91,-32.44241669
1.27E-08,5.911,-32.24322978
1.27E-08,5.912,-32.04444775
1.27E-08,5.913,-31.84577207
1.27E-08,5.914,-31.64691954
1.27E-08,5.915,-31.44761967
1.27E-08,5.916,-31.24761225
1.27E-08,5.917,-31.04664529
1.27E-08,5.918,-30.84447298
1.27E-08,5.919,-30.64085392
1.27E-08,5.92,-30.43554948
1.27E-08,5.921,-30.22832214
1.27E-08,5.922,-30.018934
1.27E-08,5.923,-29.80714525
1.27E-08,5.924,-29.59271271
1.27E-08,5.925,-29.37538835
1.27E-08,5.926,-29.15491774
1.27E-08,5.927,-28.9310385
1.27E-08,5.928,-28.70347865
1.27E-08,5.929,-28.47195485
1.27E-08,5.93,-28.23617055
1.27E-08,5.931,-27.99581396
1.27E-08,5.932,-27.75055579
1.27E-08,5.933,-27.50004686
1.27E-08,5.934,-27.24391534
1.27E-08,5.935,-26.9817637
1.27E-08,5.936,-26.71316527
1.27E-08,5.937,-26.43766036
1.27E-08,5.938,-26.15475176
1.27E-08,5.939,-25.86389962
1.27E-08,5.94,-25.56451554
1.27E-08,5.941,-25.25595569
1.27E-08,5.942,-24.9375127
1.27E-08,5.943,-24.60840625
1.27E-08,5.944,-24.26777182
1.27E-08,5.945,-23.91464731
1.27E-08,5.946,-23.54795705
1.27E-08,5.947,-23.16649242
1.27E-08,5.948,-22.7688883
1.27E-08,5.949,-22.35359412
1.27E-08,5.95,-21.91883812
1.27E-08,5.951,-21.46258263
1.27E-08,5.952,-20.98246765
1.27E-08,5.953,-20.47573896
1.27E-08,5.954,-19.93915519
1.27E-08,5.955,-19.36886639
1.27E-08,5.956,-18.76025308
1.27E-08,5.957,-18.10770935
1.27E-08,5.958,-17.40434607
1.27E-08,5.959,-16.641577
1.27E-08,5.96,-15.80853076
1.27E-08,5.961,-14.89119844
1.27E-08,5.962,-13.87117513
1.27E-08,5.963,-12.72377663
1.27E-08,5.964,-11.41523203
1.27E-08,5.965,-9.89873878
1.27E-08,5.966,-8.110424312
1.27E-08,5.967,-5.974291425
1.27E-08,5.968,-3.471363764
1.27E-08,5.969,-1.03643455
1.27E-08,5.97,-0.384429411
1.27E-08,5.971,-2.283258849
1.27E-08,5.972,-4.865503158
1.27E-08,5.973,-7.171720214
1.27E-08,5.974,-9.103816479
1.27E-08,5.975,-10.72969734
1.27E-08,5.976,-12.12081931
1.27E-08,5.977,-13.33135832
1.27E-08,5.978,-14.40043936
1.27E-08,5.979,-15.35644507
1.27E-08,5.98,-16.22033783
1.27E-08,5.981,-17.00792253
1.27E-08,5.982,-17.73135625
1.27E-08,5.983,-18.40016337
1.27E-08,5.984,-19.02192992
1.27E-08,5.985,-19.60278775
1.27E-08,5.986,-20.14775889
1.27E-08,5.987,-20.66100509
1.27E-08,5.988,-21.14601166
1.27E-08,5.989,-21.60572526
1.27E-08,5.99,-22.04265854
1.27E-08,5.991,-22.45897079
1.27E-08,5.992,-22.85653076
1.27E-08,5.993,-23.23696625
1.27E-08,5.994,-23.60170361
1.27E-08,5.995,-23.95199942
1.27E-08,5.996,-24.28896634
1.27E-08,5.997,-24.61359414
1.27E-08,5.998,-24.92676707
1.27E-08,5.999,-25.2292783
1.27E-08,6,-25.52184194
1.27E-08,6.001,-25.80510319
1.27E-08,6.002,-26.07964687
1.27E-08,6.003,-26.34600472
1.27E-08,6.004,-26.60466158
1.27E-08,6.005,-26.85606079
1.27E-08,6.006,-27.10060869
1.27E-08,6.007,-27.33867871
1.27E-08,6.008,-27.57061472
1.27E-08,6.009,-27.79673413
1.27E-08,6.01,-28.01733052
1.27E-08,6.011,-28.23267591
1.27E-08,6.012,-28.44302288
1.27E-08,6.013,-28.64860632
1.27E-08,6.014,-28.84964507
1.27E-08,6.015,-29.04634334
1.27E-08,6.016,-29.23889196
1.27E-08,6.017,-29.42746956
1.27E-08,6.018,-29.61224355
1.27E-08,6.019,-29.79337104
1.27E-08,6.02,-29.97099971
1.27E-08,6.021,-30.14526848
1.27E-08,6.022,-30.31630823
1.27E-08,6.023,-30.48424241
1.27E-08,6.024,-30.64918755
1.27E-08,6.025,-30.81125383
1.27E-08,6.026,-30.97054547
1.27E-08,6.027,-31.12716119
1.27E-08,6.028,-31.28119457
1.27E-08,6.029,-31.4327344
1.27E-08,6.03,-31.58186501
1.27E-08,6.031,-31.72866658
1.27E-08,6.032,-31.87321536
1.27E-08,6.033,-32.01558396
1.27E-08,6.034,-32.15584157
1.27E-08,6.035,-32.29405415
1.27E-08,6.036,-32.43028467
1.27E-08,6.037,-32.56459324
1.27E-08,6.038,-32.69703731
1.27E-08,6.039,-32.82767182
1.27E-08,6.04,-32.95654934
1.27E-08,6.041,-33.0837202
1.27E-08,6.042,-33.20923262
1.27E-08,6.043,-33.33313283
1.27E-08,6.044,-33.45546517
1.27E-08,6.045,-33.5762722
1.27E-08,6.046,-33.69559479
1.27E-08,6.047,-33.81347219
1.27E-08,6.048,-33.92994214
1.27E-08,6.049,-34.04504096
1.27E-08,6.05,-34.15880356
1.27E-08,6.051,-34.27126358
1.27E-08,6.052,-34.3824534
1.27E-08,6.053,-34.49240423
1.27E-08,6.054,-34.60114617
1.27E-08,6.055,-34.70870823
1.27E-08,6.056,-34.81511842
1.27E-08,6.057,-34.92040376
1.27E-08,6.058,-35.02459035
1.27E-08,6.059,-35.12770341
1.27E-08,6.06,-35.22976732
1.27E-08,6.061,-35.33080562
1.27E-08,6.062,-35.43084111
1.27E-08,6.063,-35.52989584
1.27E-08,6.064,-35.62799115
1.27E-08,6.065,-35.7251477
1.27E-08,6.066,-35.8213855
1.27E-08,6.067,-35.91672394
1.27E-08,6.068,-36.01118181
1.27E-08,6.069,-36.10477734
1.27E-08,6.07,-36.19752819
1.27E-08,6.071,-36.2894515
1.27E-08,6.072,-36.38056391
1.27E-08,6.073,-36.47088157
1.27E-08,6.074,-36.56042015
1.27E-08,6.075,-36.64919488
1.27E-08,6.076,-36.73722057
1.27E-08,6.077,-36.82451157
1.27E-08,6.078,-36.91108188
1.27E-08,6.079,-36.99694508
1.27E-08,6.08,-37.08211439
1.27E-08,6.081,-37.16660266
1.27E-08,6.082,-37.25042241
1.27E-08,6.083,-37.33358582
1.27E-08,6.084,-37.41610474
1.27E-08,6.085,-37.49799071
1.27E-08,6.086,-37.57925499
1.27E-08,6.087,-37.65990852
1.27E-08,6.088,-37.73996199
1.27E-08,6.089,-37.8194258
1.27E-08,6.09,-37.8983101
1.27E-08,6.091,-37.97662477
1.27E-08,6.092,-38.05437946
1.27E-08,6.093,-38.13158359
1.27E-08,6.094,-38.20824635
1.27E-08,6.095,-38.28437668
1.27E-08,6.096,-38.35998334
1.27E-08,6.097,-38.43507487
1.27E-08,6.098,-38.50965962
1.27E-08,6.099,-38.58374571
1.27E-08,6.1,-38.65734113
1.27E-08,5.85,-29.40192465
1.27E-08,5.851,-28.80673635
1.27E-08,5.852,-28.1086778
1.27E-08,5.853,-27.27258484
1.27E-08,5.854,-26.24375052
1.27E-08,5.855,-24.93092951
1.27E-08,5.856,-23.16611814
1.27E-08,5.857,-20.58882169
1.27E-08,5.858,-16.18094437
1.27E-08,5.859,-4.445725109
1.27E-08,5.86,-13.7183968
1.27E-08,5.861,-21.73679457
1.27E-08,5.862,-26.68133216
1.27E-08,5.863,-30.59828359
1.27E-08,5.864,-34.119813
1.27E-08,5.865,-37.59125544
1.27E-08,5.866,-41.32966469
1.27E-08,5.867,-45.82945431
1.27E-08,5.868,-52.41458007
1.27E-08,5.869,-74.02109684
1.27E-08,5.87,-55.79861191
1.27E-08,5.871,-49.99263919
1.27E-08,5.872,-46.94369062
1.27E-08,5.873,-44.94075022
1.27E-08,5.874,-43.48194685
1.27E-08,5.875,-42.35193294
1.27E-08,5.876,-41.43919917
1.27E-08,5.877,-40.67895392
1.27E-08,5.878,-40.03046819
1.27E-08,5.879,-39.46662406
1.27E-08,5.88,-38.96855316
1.27E-08,5.881,-38.52266031
1.27E-08,5.882,-38.11886697
1.27E-08,5.883,-37.74952228
1.27E-08,5.884,-37.40870022
1.27E-08,5.885,-37.0917305
1.27E-08,5.886,-36.79487632
1.27E-08,5.887,-36.5151075
1.27E-08,5.888,-36.24993738
1.27E-08,5.889,-35.99730314
1.27E-08,5.89,-35.75547673
1.27E-08,5.891,-35.5229974
1.27E-08,5.892,-35.29862
1.27E-08,5.893,-35.08127479
1.27E-08,5.894,-34.87003597
1.27E-08,5.895,-34.66409669
1.27E-08,5.896,-34.46274898
1.27E-08,5.897,-34.26536763
1.27E-08,5.898,-34.07139705
1.27E-08,5.899,-33.8803404
1.27E-08,5.9,-33.6917507
1.27E-08,5.901,-33.5052234
1.27E-08,5.902,-33.32039012
1.27E-08,5.903,-33.1369134
1.27E-08,5.904,-32.95448222
1.27E-08,5.905,-32.7728082
1.27E-08,5.906,-32.59162229
1.27E-08,5.907,-32.4106719
1.27E-08,5.908,-32.22971844
1.27E-08,5.909,-32.04853512
1.27E-08,5.91,-31.86690499
1.27E-08,5.911,-31.68461923
1.27E-08,5.912,-31.50147554
1.27E-08,5.913,-31.31727675
1.27E-08,5.914,-31.13182948
1.27E-08,5.915,-30.9449429
1.27E-08,5.916,-30.75642761
1.27E-08,5.917,-30.5660945
1.27E-08,5.918,-30.37375369
1.27E-08,5.919,-30.17921349
1.27E-08,5.92,-29.98227933
1.27E-08,5.921,-29.78275274
1.27E-08,5.922,-29.58043028
1.27E-08,5.923,-29.37510241
1.27E-08,5.924,-29.16655237
1.27E-08,5.925,-28.95455494
1.27E-08,5.926,-28.73887516
1.27E-08,5.927,-28.51926691
1.27E-08,5.928,-28.29547146
1.27E-08,5.929,-28.06721573
1.27E-08,5.93,-27.83421055
1.27E-08,5.931,-27.5961486
1.27E-08,5.932,-27.35270214
1.27E-08,5.933,-27.10352057
1.27E-08,5.934,-26.84822749
1.27E-08,5.935,-26.58641754
1.27E-08,5.936,-26.31765269
1.27E-08,5.937,-26.04145805
1.27E-08,5.938,-25.75731701
1.27E-08,5.939,-25.46466564
1.27E-08,5.94,-25.16288617
1.27E-08,5.941,-24.85129937
1.27E-08,5.942,-24.52915557
1.27E-08,5.943,-24.19562405
1.27E-08,5.944,-23.84978047
1.27E-08,5.945,-23.49059167
1.27E-08,5.946,-23.11689755
1.27E-08,5.947,-22.72738885
1.27E-08,5.948,-22.32058011
1.27E-08,5.949,-21.8947762
1.27E-08,5.95,-21.44803065
1.27E-08,5.951,-20.97809329
1.27E-08,5.952,-20.48234362
1.27E-08,5.953,-19.95770519
1.27E-08,5.954,-19.40053409
1.27E-08,5.955,-18.80647187
1.27E-08,5.956,-18.17024848
1.27E-08,5.957,-17.48541405
1.27E-08,5.958,-16.74396744
1.27E-08,5.959,-15.93583218
1.27E-08,5.96,-15.04810258
1.27E-08,5.961,-14.06393935
1.27E-08,5.962,-12.96092815
1.27E-08,5.963,-11.7086373
1.27E-08,5.964,-10.26512918
1.27E-08,5.965,-8.572917656
1.27E-08,5.966,-6.559731883
1.27E-08,5.967,-4.177233724
1.27E-08,5.968,-1.64910326
1.27E-08,5.969,-0.269616458
1.27E-08,5.97,-1.530480926
1.27E-08,5.971,-4.042867477
1.27E-08,5.972,-6.441208368
1.27E-08,5.973,-8.470991702
1.27E-08,5.974,-10.17598371
1.27E-08,5.975,-11.62881513
1.27E-08,5.976,-12.8878381
1.27E-08,5.977,-13.99568382
1.27E-08,5.978,-14.98327106
1.27E-08,5.979,-15.87334885
1.27E-08,5.98,-16.68298772
1.27E-08,5.981,-17.42525519
1.27E-08,5.982,-18.11034257
1.27E-08,5.983,-18.74633333
1.27E-08,5.984,-19.33973678
1.27E-08,5.985,-19.89586597
1.27E-08,5.986,-20.41911026
1.27E-08,5.987,-20.91313543
1.27E-08,5.988,-21.38103288
1.27E-08,5.989,-21.82543272
1.27E-08,5.99,-22.24859046
1.27E-08,5.991,-22.65245444
1.27E-08,5.992,-23.03871885
1.27E-08,5.993,-23.40886581
1.27E-08,5.994,-23.76419918
1.27E-08,5.995,-24.10587188
1.27E-08,5.996,-24.43490821
1.27E-08,5.997,-24.75222222
1.27E-08,5.998,-25.05863292
1.27E-08,5.999,-25.35487695
1.27E-08,6,-25.64161923
1.27E-08,6.001,-25.91946193
1.27E-08,6.002,-26.18895213
1.27E-08,6.003,-26.45058827
1.27E-08,6.004,-26.70482576
1.27E-08,6.005,-26.95208179
1.27E-08,6.006,-27.19273943
1.27E-08,6.007,-27.4271513
1.27E-08,6.008,-27.65564264
1.27E-08,6.009,-27.87851411
1.27E-08,6.01,-28.09604421
1.27E-08,6.011,-28.30849134
1.27E-08,6.012,-28.51609573
1.27E-08,6.013,-28.71908109
1.27E-08,6.014,-28.91765608
1.27E-08,6.015,-29.11201563
1.27E-08,6.016,-29.30234212
1.27E-08,6.017,-29.48880642
1.27E-08,6.018,-29.67156885
1.27E-08,6.019,-29.85078002
1.27E-08,6.02,-30.0265816
1.27E-08,6.021,-30.199107
1.27E-08,6.022,-30.36848201
1.27E-08,6.023,-30.53482539
1.27E-08,6.024,-30.69824932
1.27E-08,6.025,-30.85885996
1.27E-08,6.026,-31.01675778
1.27E-08,6.027,-31.17203804
1.27E-08,6.028,-31.3247911
1.27E-08,6.029,-31.47510275
1.27E-08,6.03,-31.62305453
1.27E-08,6.031,-31.768724
1.27E-08,6.032,-31.91218498
1.27E-08,6.033,-32.05350779
1.27E-08,6.034,-32.1927595
1.27E-08,6.035,-32.33000408
1.27E-08,6.036,-32.46530262
1.27E-08,6.037,-32.59871347
1.27E-08,6.038,-32.73029244
1.27E-08,6.039,-32.86009292
1.27E-08,6.04,-32.988166
1.27E-08,6.041,-33.11456067
1.27E-08,6.042,-33.23932383
1.27E-08,6.043,-33.3625005
1.27E-08,6.044,-33.48413387
1.27E-08,6.045,-33.60426541
1.27E-08,6.046,-33.72293495
1.27E-08,6.047,-33.84018079
1.27E-08,6.048,-33.95603974
1.27E-08,6.049,-34.07054725
1.27E-08,6.05,-34.1837374
1.27E-08,6.051,-34.29564305
1.27E-08,6.052,-34.40629584
1.27E-08,6.053,-34.51572629
1.27E-08,6.054,-34.62396381
1.27E-08,6.055,-34.73103678
1.27E-08,6.056,-34.8369726
1.27E-08,6.057,-34.94179773
1.27E-08,6.058,-35.04553772
1.27E-08,6.059,-35.14821726
1.27E-08,6.06,-35.24986023
1.27E-08,6.061,-35.35048972
1.27E-08,6.062,-35.45012806
1.27E-08,6.063,-35.54879687
1.27E-08,6.064,-35.64651708
1.27E-08,6.065,-35.74330897
1.27E-08,6.066,-35.83919216
1.27E-08,6.067,-35.93418569
1.27E-08,6.068,-36.02830801
1.27E-08,6.069,-36.12157701
1.27E-08,6.07,-36.21401005
1.27E-08,6.071,-36.30562397
1.27E-08,6.072,-36.39643512
1.27E-08,6.073,-36.48645936
1.27E-08,6.074,-36.57571212
1.27E-08,6.075,-36.66420837
1.27E-08,6.076,-36.75196266
1.27E-08,6.077,-36.83898913
1.27E-08,6.078,-36.92530155
1.27E-08,6.079,-37.01091328
1.27E-08,6.08,-37.09583733
1.27E-08,6.081,-37.18008637
1.27E-08,6.082,-37.26367272
1.27E-08,6.083,-37.34660838
1.27E-08,6.084,-37.42890501
1.27E-08,6.085,-37.51057401
1.27E-08,6.086,-37.59162645
1.27E-08,6.087,-37.67207313
1.27E-08,6.088,-37.75192458
1.27E-08,6.089,-37.83119106
1.27E-08,6.09,-37.90988257
1.27E-08,6.091,-37.98800887
1.27E-08,6.092,-38.06557949
1.27E-08,6.093,-38.1426037
1.27E-08,6.094,-38.21909056
1.27E-08,6.095,-38.29504894
1.27E-08,6.096,-38.37048745
1.27E-08,6.097,-38.44541453
1.27E-08,6.098,-38.51983843
1.27E-08,6.099,-38.59376718
1.27E-08,6.1,-38.66720864
