H0,freq,S11,S21
0.136,5.8,-0.004180859,-37.54594846
0.136,5.802,-0.004274039,-37.34246941
0.136,5.804,-0.004428481,-37.2273985
0.136,5.806,-0.003833202,-37.04854143
0.136,5.808,-0.00380755,-36.88349689
0.136,5.81,-0.003843366,-36.72480969
0.136,5.812,-0.003956494,-36.57340605
0.136,5.814,-0.003964355,-36.40740958
0.136,5.816,-0.003986096,-36.26146517
0.136,5.818,-0.003947515,-36.09113415
0.136,5.82,-0.003994246,-35.91977686
0.136,5.822,-0.00411316,-35.74452859
0.136,5.824,-0.004134322,-35.56535264
0.136,5.826,-0.004257773,-35.38226127
0.136,5.828,-0.004290173,-35.18627214
0.136,5.83,-0.004428234,-34.98141663
0.136,5.832,-0.004585705,-34.77727944
0.136,5.834,-0.004729816,-34.55744324
0.136,5.836,-0.004822798,-34.31940044
0.136,5.838,-0.005032902,-34.07121087
0.136,5.84,-0.005231461,-33.80778051
0.136,5.842,-0.005524585,-33.52466422
0.136,5.844,-0.005932465,-33.20826712
0.136,5.846,-0.00670375,-32.90186078
0.136,5.848,-0.0068788,-32.52164243
0.136,5.85,-0.00760138,-32.09375105
0.136,5.852,-0.010102684,-31.62607983
0.136,5.854,-0.011569213,-31.03455863
0.136,5.856,-0.016799632,-30.43137545
0.136,5.858,-0.027022491,-29.62522219
0.136,5.86,-0.043853813,-29.61186164
0.136,5.862,-0.075201203,-29.01436254
0.136,5.864,-0.038344313,-27.43076446
0.136,5.866,-0.071045739,-25.3208232
0.136,5.868,-0.159769396,-21.9328877
0.136,5.87,-1.153992112,-14.93204272
0.136,5.872,-0.774472521,-18.08183138
0.136,5.874,-0.132173176,-27.64114701
0.136,5.876,-0.053247539,-34.70983533
0.136,5.878,-0.030528658,-42.040025
0.136,5.88,-0.019994067,-53.93380124
0.136,5.882,-0.015067764,-49.94128579
0.136,5.884,-0.013341084,-44.10118885
0.136,5.886,-0.011202225,-41.59142182
0.136,5.888,-0.00946274,-39.63768379
0.136,5.89,-0.010403907,-38.28882613
0.136,5.892,-0.008508541,-37.28972991
0.136,5.894,-0.008955507,-36.52247232
0.136,5.896,-0.007542903,-35.74178247
0.136,5.898,-0.007652761,-35.09271944
0.136,5.9,-0.00733085,-34.48382751
0.136,5.902,-0.008455162,-33.90091838
0.136,5.904,-0.007827822,-33.48879833
0.136,5.906,-0.007546806,-32.96884725
0.136,5.908,-0.007802141,-32.47527086
0.136,5.91,-0.008024596,-32.02985788
0.136,5.912,-0.008091108,-31.55263724
0.136,5.914,-0.008764436,-31.07414105
0.136,5.916,-0.009336019,-30.65099102
0.136,5.918,-0.009349648,-30.16032567
0.136,5.92,-0.00995554,-29.67659101
0.136,5.922,-0.010889714,-29.16486544
0.136,5.924,-0.011811545,-28.66759242
0.136,5.926,-0.013123493,-28.09677262
0.136,5.928,-0.023638795,-27.45686005
0.136,5.93,-0.017290379,-27.13984248
0.136,5.932,-0.017169083,-26.44557951
0.136,5.934,-0.020229169,-25.74356391
0.136,5.936,-0.025810248,-24.95484017
0.136,5.938,-0.030940587,-24.29757416
0.136,5.94,-0.034764461,-23.29674777
0.136,5.942,-0.048385103,-22.12099147
0.136,5.944,-0.088360801,-20.52011231
0.136,5.946,-0.296970471,-17.86280256
0.136,5.948,-0.706933659,-22.4474445
0.136,5.95,-0.925111834,-20.608908
0.136,5.952,-0.161089661,-22.77698104
0.136,5.954,-0.154963511,-19.19750596
0.136,5.956,-0.60923743,-16.52872139
0.136,5.958,-0.321567978,-15.69751085
0.136,5.96,-0.477921676,-12.93804981
0.136,5.962,-1.135642025,-8.33767284
0.136,5.964,-9.361026773,-3.016731625
0.136,5.966,-10.36658898,-4.960716402
0.136,5.968,-1.381386058,-7.435088031
0.136,5.97,-0.529667126,-11.36575609
0.136,5.972,-0.231223158,-14.29382123
0.136,5.974,-0.157028184,-16.32729534
0.136,5.976,-0.091858508,-18.10623654
0.136,5.978,-0.06618328,-19.58641015
0.136,5.98,-0.051146463,-20.81907956
0.136,5.982,-0.039606271,-21.94428572
0.136,5.984,-0.033434664,-22.96832175
0.136,5.986,-0.046367103,-23.85283636
0.136,5.988,-0.024928742,-24.5587171
0.136,5.99,-0.021975317,-25.3848467
0.136,5.992,-0.019217046,-26.02979097
0.136,5.994,-0.015821451,-26.73947465
0.136,5.996,-0.014178707,-27.40190932
0.136,5.998,-0.013142432,-28.04198318
0.136,6,-0.015528678,-28.66855115
0.136,6.002,-0.011804177,-29.20235478
0.136,6.004,-0.011527388,-29.84506971
0.136,6.006,-0.023109588,-30.50030949
0.136,6.008,-0.011606192,-30.76209325
0.136,6.01,-0.009993338,-31.45140098
0.136,6.012,-0.01042483,-32.10925997
0.136,6.014,-0.013528105,-32.93878515
0.136,6.016,-0.019413922,-33.59542995
0.136,6.018,-0.014429471,-33.8980855
0.136,6.02,-0.014511536,-35.28314033
0.136,6.022,-0.030876048,-36.37189367
0.136,6.024,-0.103634876,-35.13956558
0.136,6.026,-0.025619579,-37.48334382
0.136,6.028,-0.044531607,-42.88829136
0.136,6.03,-0.088705913,-37.44628167
0.136,6.032,-0.095219774,-41.53209088
0.136,6.034,-0.177169511,-31.21382209
0.136,6.036,-1.49139327,-17.86316954
0.136,6.038,-0.19116611,-23.11655283
0.136,6.04,-0.051813513,-26.90833737
0.136,6.042,-0.027522024,-28.93830732
0.136,6.044,-0.042506269,-30.28832325
0.136,6.046,-0.015884741,-30.62939184
0.136,6.048,-0.010777144,-31.48951502
0.136,6.05,-0.009399879,-32.09909241
0.136,6.052,-0.00852713,-32.70525724
0.136,6.054,-0.019891259,-32.96504823
0.136,6.056,-0.006976768,-33.2952572
0.136,6.058,-0.005703845,-33.72603608
0.136,6.06,-0.005234335,-34.09255004
0.136,6.062,-0.005534736,-34.42629878
0.136,6.064,-0.004708709,-34.70410403
0.136,6.066,-0.004437404,-34.99733171
0.136,6.068,-0.004297624,-35.27507723
0.136,6.07,-0.004474458,-35.55187859
0.136,6.072,-0.004478755,-35.7391608
0.136,6.074,-0.004033578,-36.00457183
0.136,6.076,-0.004717853,-36.27007858
0.136,6.078,-0.004156574,-36.41370364
0.136,6.08,-0.004778557,-36.67060108
0.136,6.082,-0.003865641,-36.82653124
0.136,6.084,-0.00454748,-37.05978107
0.136,6.086,-0.003623659,-37.21432964
0.136,6.088,-0.003475223,-37.43080003
0.136,6.09,-0.003621378,-37.64931647
0.136,6.092,-0.004515423,-37.83955754
0.136,6.094,-0.004434857,-37.89648708
0.136,6.096,-0.003355583,-38.09937596
0.136,6.098,-0.003230272,-38.29570221
0.136,6.1,-0.003234604,-38.48621606
0.1362,5.8,-0.012419349,-38.56633549
0.1362,5.802,-0.005559335,-37.79492038
0.1362,5.804,-0.00464845,-37.44371406
0.1362,5.806,-0.004290941,-37.22523076
0.1362,5.808,-0.004406714,-37.01212258
0.1362,5.81,-0.004551736,-36.89177904
0.1362,5.812,-0.003922155,-36.70393437
0.1362,5.814,-0.00389722,-36.53066909
0.1362,5.816,-0.003939902,-36.3639084
0.1362,5.818,-0.004067764,-36.20474298
0.1362,5.82,-0.004080232,-36.02980607
0.1362,5.822,-0.0041016,-35.87593438
0.1362,5.824,-0.00406445,-35.69621157
0.1362,5.826,-0.004119677,-35.51515901
0.1362,5.828,-0.004255714,-35.32985886
0.1362,5.83,-0.004283356,-35.13990746
0.1362,5.832,-0.004421794,-34.94576498
0.1362,5.834,-0.004466912,-34.73750509
0.1362,5.836,-0.004630321,-34.51948671
0.1362,5.838,-0.004808579,-34.3019862
0.1362,5.84,-0.004978838,-34.06734667
0.1362,5.842,-0.005100201,-33.81260319
0.1362,5.844,-0.005350353,-33.54655399
0.1362,5.846,-0.005587932,-33.26335559
0.1362,5.848,-0.005937037,-32.9582432
0.1362,5.85,-0.006451427,-32.61593383
0.1362,5.852,-0.00728805,-32.28397001
0.1362,5.854,-0.007590885,-31.87007452
0.1362,5.856,-0.008520128,-31.40162852
0.1362,5.858,-0.011553097,-30.89160356
0.1362,5.86,-0.013750922,-30.22888682
0.1362,5.862,-0.020241732,-29.55094932
0.1362,5.864,-0.034595395,-28.62807404
0.1362,5.866,-0.05209704,-28.62591247
0.1362,5.868,-0.089471355,-28.07340858
0.1362,5.87,-0.051246161,-26.10687426
0.1362,5.872,-0.106147267,-23.57539932
0.1362,5.874,-0.307578283,-19.19902742
0.1362,5.876,-3.609871746,-11.17354844
0.1362,5.878,-0.375094325,-21.14915153
0.1362,5.88,-0.099086896,-29.02068994
0.1362,5.882,-0.046383012,-35.48501925
0.1362,5.884,-0.02845182,-42.56555696
0.1362,5.886,-0.019497152,-54.42808327
0.1362,5.888,-0.015098526,-49.75650059
0.1362,5.89,-0.013758742,-43.93246588
0.1362,5.892,-0.011488173,-41.39311931
0.1362,5.894,-0.009870221,-39.39365958
0.1362,5.896,-0.010960784,-38.0206711
0.1362,5.898,-0.009028813,-36.95788642
0.1362,5.9,-0.009343775,-36.16163133
0.1362,5.902,-0.008052716,-35.33804104
0.1362,5.904,-0.008183768,-34.65349436
0.1362,5.906,-0.007924366,-34.00486223
0.1362,5.908,-0.00946542,-33.38254697
0.1362,5.91,-0.008504686,-32.93956135
0.1362,5.912,-0.008296323,-32.38121679
0.1362,5.914,-0.008693701,-31.84656018
0.1362,5.916,-0.008935285,-31.36230399
0.1362,5.918,-0.009118781,-30.84103101
0.1362,5.92,-0.010072281,-30.31472361
0.1362,5.922,-0.010672759,-29.84755066
0.1362,5.924,-0.010895918,-29.30290441
0.1362,5.926,-0.01173529,-28.76213412
0.1362,5.928,-0.013147442,-28.18563461
0.1362,5.93,-0.014362217,-27.62035644
0.1362,5.932,-0.016469042,-26.96560899
0.1362,5.934,-0.033220107,-26.24366657
0.1362,5.936,-0.022116105,-25.85293789
0.1362,5.938,-0.022899349,-25.03869512
0.1362,5.94,-0.02800178,-24.20069601
0.1362,5.942,-0.038201221,-23.23653088
0.1362,5.944,-0.045818397,-22.41612266
0.1362,5.946,-0.056106027,-21.14313963
0.1362,5.948,-0.08656956,-19.58448921
0.1362,5.95,-0.190360352,-17.33518298
0.1362,5.952,-0.96082651,-13.37136977
0.1362,5.954,-0.828257783,-21.7989382
0.1362,5.956,-1.032657945,-20.86058377
0.1362,5.958,-0.263450436,-20.30275305
0.1362,5.96,-0.380565378,-15.35631153
0.1362,5.962,-1.904438304,-12.69115732
0.1362,5.964,-1.478231569,-9.579921878
0.1362,5.966,-5.569060901,-4.373827416
0.1362,5.968,-3.851864721,-4.279903213
0.1362,5.97,-0.863958098,-10.09288739
0.1362,5.972,-0.807524947,-11.90777541
0.1362,5.974,-0.222909618,-14.85483128
0.1362,5.976,-0.141927509,-16.87951485
0.1362,5.978,-0.086325184,-18.62935564
0.1362,5.98,-0.068084686,-19.93811075
0.1362,5.982,-0.046566547,-21.17872613
0.1362,5.984,-0.037147975,-22.25927652
0.1362,5.986,-0.030647476,-23.19399809
0.1362,5.988,-0.025359501,-24.07472669
0.1362,5.99,-0.022616061,-24.89846927
0.1362,5.992,-0.032606674,-25.57677871
0.1362,5.994,-0.017834057,-26.20989901
0.1362,5.996,-0.016609286,-26.9070766
0.1362,5.998,-0.014429513,-27.45807471
0.1362,6,-0.012362954,-28.07076634
0.1362,6.002,-0.011331149,-28.64981301
0.1362,6.004,-0.010722032,-29.21562417
0.1362,6.006,-0.013169461,-29.76151329
0.1362,6.008,-0.009853459,-30.25382996
0.1362,6.01,-0.009889121,-30.8379642
0.1362,6.012,-0.021308643,-31.36996348
0.1362,6.014,-0.009777261,-31.67784146
0.1362,6.016,-0.008770103,-32.30955914
0.1362,6.018,-0.009164678,-32.9217878
0.1362,6.02,-0.012735321,-33.70343884
0.1362,6.022,-0.018803815,-34.32757309
0.1362,6.024,-0.012539534,-34.62512693
0.1362,6.026,-0.013666956,-35.96290213
0.1362,6.028,-0.027270256,-37.01444036
0.1362,6.03,-0.087220291,-35.25988037
0.1362,6.032,-0.023330148,-38.23405449
0.1362,6.034,-0.047288519,-43.51722246
0.1362,6.036,-0.074128646,-38.55047257
0.1362,6.038,-0.094165475,-41.6301213
0.1362,6.04,-0.232958709,-29.55909487
0.1362,6.042,-0.906807279,-19.69554724
0.1362,6.044,-0.115083418,-25.18516449
0.1362,6.046,-0.037894698,-28.29183584
0.1362,6.048,-0.0220968,-30.05313851
0.1362,6.05,-0.038956356,-31.09801863
0.1362,6.052,-0.012977265,-31.55111313
0.1362,6.054,-0.009354497,-32.32599269
0.1362,6.056,-0.008163926,-32.88302436
0.1362,6.058,-0.007765515,-33.44846739
0.1362,6.06,-0.016390721,-33.59178134
0.1362,6.062,-0.006205923,-33.99209379
0.1362,6.064,-0.005224693,-34.39015114
0.1362,6.066,-0.004850026,-34.73285532
0.1362,6.068,-0.005232442,-35.04060531
0.1362,6.07,-0.004395705,-35.30756879
0.1362,6.072,-0.004176478,-35.58398786
0.1362,6.074,-0.004065342,-35.84701623
0.1362,6.076,-0.004304708,-36.11086543
0.1362,6.078,-0.004160978,-36.28790705
0.1362,6.08,-0.003847431,-36.54010597
0.1362,6.082,-0.004693728,-36.79085846
0.1362,6.084,-0.00391405,-36.93175255
0.1362,6.086,-0.004725093,-37.16682677
0.1362,6.088,-0.003685804,-37.3250176
0.1362,6.09,-0.00448321,-37.53613721
0.1362,6.092,-0.003469871,-37.69496255
0.1362,6.094,-0.003358793,-37.90206697
0.1362,6.096,-0.003540431,-38.11373466
0.1362,6.098,-0.004510148,-38.29695304
0.1362,6.1,-0.004111936,-38.34213992
0.1364,5.8,-0.0051514,-36.8610589
0.1364,5.802,-0.007874991,-36.41913944
0.1364,5.804,-0.042123827,-35.84013607
0.1364,5.806,-0.013039624,-38.28759008
0.1364,5.808,-0.005776031,-37.48544083
0.1364,5.81,-0.004799312,-37.11823543
0.1364,5.812,-0.004416524,-36.88961439
0.1364,5.814,-0.004559831,-36.66607129
0.1364,5.816,-0.004692458,-36.53991393
0.1364,5.818,-0.004025019,-36.34226962
0.1364,5.82,-0.004001302,-36.15999783
0.1364,5.822,-0.00405229,-35.98437132
0.1364,5.824,-0.004197394,-35.81667184
0.1364,5.826,-0.004216044,-35.6318749
0.1364,5.828,-0.004236838,-35.46924139
0.1364,5.83,-0.004202006,-35.27912284
0.1364,5.832,-0.004267703,-35.08731061
0.1364,5.834,-0.004424339,-34.8908353
0.1364,5.836,-0.00446047,-34.68885576
0.1364,5.838,-0.004617193,-34.48234557
0.1364,5.84,-0.004678541,-34.26033103
0.1364,5.842,-0.004873726,-34.02750009
0.1364,5.844,-0.005077681,-33.79490967
0.1364,5.846,-0.005280768,-33.54349959
0.1364,5.848,-0.005439579,-33.26977232
0.1364,5.85,-0.005741086,-32.98333187
0.1364,5.852,-0.006029405,-32.67743674
0.1364,5.854,-0.006451794,-32.34693586
0.1364,5.856,-0.007109467,-31.97454612
0.1364,5.858,-0.008034606,-31.6125171
0.1364,5.86,-0.008507287,-31.15917271
0.1364,5.862,-0.009724075,-30.64256378
0.1364,5.864,-0.013449084,-30.08135403
0.1364,5.866,-0.016817807,-29.33246866
0.1364,5.868,-0.025209381,-28.56144271
0.1364,5.87,-0.046254327,-27.49120398
0.1364,5.872,-0.064405515,-27.49673547
0.1364,5.874,-0.109095049,-26.97993758
0.1364,5.876,-0.072891947,-24.53179374
0.1364,5.878,-0.176985183,-21.38433527
0.1364,5.88,-0.791974288,-15.3793674
0.1364,5.882,-1.818459008,-13.43722109
0.1364,5.884,-0.216592778,-23.57789463
0.1364,5.886,-0.077315273,-30.23793443
0.1364,5.888,-0.040896202,-36.21308935
0.1364,5.89,-0.026634179,-43.08002921
0.1364,5.892,-0.019039061,-54.91529787
0.1364,5.894,-0.015140941,-49.56921455
0.1364,5.896,-0.01422396,-43.75986938
0.1364,5.898,-0.011804905,-41.18824412
0.1364,5.9,-0.01032221,-39.14023428
0.1364,5.902,-0.011491448,-37.73923706
0.1364,5.904,-0.009638724,-36.60985381
0.1364,5.906,-0.009811796,-35.78035041
0.1364,5.908,-0.008651517,-34.91106272
0.1364,5.91,-0.008813514,-34.18655985
0.1364,5.912,-0.008641036,-33.49359415
0.1364,5.914,-0.010756191,-32.82786536
0.1364,5.916,-0.009346384,-32.34827714
0.1364,5.918,-0.009233744,-31.74544619
0.1364,5.92,-0.009840816,-31.16294132
0.1364,5.922,-0.01011446,-30.63280795
0.1364,5.924,-0.010469797,-30.0590471
0.1364,5.926,-0.011848527,-29.47517052
0.1364,5.928,-0.012498255,-28.95417056
0.1364,5.93,-0.013049213,-28.34296183
0.1364,5.932,-0.014265382,-27.7306949
0.1364,5.934,-0.016468745,-27.07196998
0.1364,5.936,-0.018189657,-26.4184415
0.1364,5.938,-0.021688428,-25.65264176
0.1364,5.94,-0.04921312,-24.83818595
0.1364,5.942,-0.030076554,-24.32838943
0.1364,5.944,-0.032849473,-23.34394434
0.1364,5.946,-0.042288035,-22.30642745
0.1364,5.948,-0.06339286,-21.07590936
0.1364,5.95,-0.077708415,-19.99220061
0.1364,5.952,-0.108453869,-18.25428649
0.1364,5.954,-0.201447302,-15.97867572
0.1364,5.956,-0.648824098,-12.37475885
0.1364,5.958,-5.685898994,-8.045925846
0.1364,5.96,-0.9977582,-20.84772726
0.1364,5.962,-0.939812649,-21.85910574
0.1364,5.964,-0.546494499,-16.92187945
0.1364,5.966,-1.945378614,-9.002585225
0.1364,5.968,-3.864654774,-10.92317511
0.1364,5.97,-5.882480439,-5.488693195
0.1364,5.972,-1.160524376,-9.159673898
0.1364,5.974,-0.340396008,-13.25764338
0.1364,5.976,-0.207642115,-16.1904192
0.1364,5.978,-0.21525712,-17.07787472
0.1364,5.98,-0.086900063,-18.98199259
0.1364,5.982,-0.064321091,-20.3140418
0.1364,5.984,-0.045574328,-21.55456671
0.1364,5.986,-0.038135649,-22.51816669
0.1364,5.988,-0.028589827,-23.47030908
0.1364,5.99,-0.024246708,-24.32260011
0.1364,5.992,-0.020774798,-25.07681368
0.1364,5.994,-0.017961669,-25.80181429
0.1364,5.996,-0.016655842,-26.49308763
0.1364,5.998,-0.023741206,-27.02947901
0.1364,6,-0.013617841,-27.61073102
0.1364,6.002,-0.013299933,-28.21448281
0.1364,6.004,-0.011415273,-28.69681283
0.1364,6.006,-0.010083384,-29.23660201
0.1364,6.008,-0.009402997,-29.75196514
0.1364,6.01,-0.00904534,-30.26024564
0.1364,6.012,-0.011325416,-30.7379408
0.1364,6.014,-0.00845656,-31.20168891
0.1364,6.016,-0.008695718,-31.73918394
0.1364,6.018,-0.019113831,-32.14458685
0.1364,6.02,-0.00844614,-32.51506358
0.1364,6.022,-0.00783861,-33.09962142
0.1364,6.024,-0.008203523,-33.67448855
0.1364,6.026,-0.01221296,-34.41032342
0.1364,6.028,-0.018667303,-34.99167143
0.1364,6.03,-0.011111589,-35.30611561
0.1364,6.032,-0.013061234,-36.60765333
0.1364,6.034,-0.024715046,-37.65968728
0.1364,6.036,-0.069071174,-35.65675253
0.1364,6.038,-0.021605581,-38.95473753
0.1364,6.04,-0.051262718,-43.92759502
0.1364,6.042,-0.064032294,-39.64862767
0.1364,6.044,-0.091199985,-41.89729074
0.1364,6.046,-0.323618371,-27.72093384
0.1364,6.048,-0.497103565,-22.07888689
0.1364,6.05,-0.076090676,-26.88624079
0.1364,6.052,-0.029001642,-29.49759288
0.1364,6.054,-0.018334391,-31.05279812
0.1364,6.056,-0.033990892,-31.80348118
0.1364,6.058,-0.010893033,-32.39217861
0.1364,6.06,-0.008279289,-33.09690219
0.1364,6.062,-0.007228609,-33.6102144
0.1364,6.064,-0.007188194,-34.14136083
0.1364,6.066,-0.013099009,-34.21214429
0.1364,6.068,-0.005606059,-34.64361357
0.1364,6.07,-0.004836291,-35.01364907
0.1364,6.072,-0.00453548,-35.33568747
0.1364,6.074,-0.004933711,-35.61828029
0.1364,6.076,-0.004137523,-35.87795967
0.1364,6.078,-0.00395799,-36.13958167
0.1364,6.08,-0.003870119,-36.38962983
0.1364,6.082,-0.004179762,-36.64172569
0.1364,6.084,-0.00390946,-36.80997564
0.1364,6.086,-0.003690555,-37.05033133
0.1364,6.088,-0.00470285,-37.28294784
0.1364,6.09,-0.003720793,-37.42613658
0.1364,6.092,-0.004638178,-37.63609218
0.1364,6.094,-0.003537312,-37.80185811
0.1364,6.096,-0.004356695,-37.98832881
0.1364,6.098,-0.003339904,-38.15559177
0.1364,6.1,-0.003257647,-38.35436097
0.1366,5.8,-0.006448172,-37.1278184
0.1366,5.802,-0.004740624,-37.02823327
0.1366,5.804,-0.00449632,-36.79594707
0.1366,5.806,-0.005384514,-36.50410218
0.1366,5.808,-0.008440096,-36.03642219
0.1366,5.81,-0.04677292,-35.45189932
0.1366,5.812,-0.013722538,-37.99700483
0.1366,5.814,-0.006020506,-37.16193946
0.1366,5.816,-0.004971656,-36.77740309
0.1366,5.818,-0.004560476,-36.53775025
0.1366,5.82,-0.004737427,-36.30285908
0.1366,5.822,-0.004854018,-36.17026518
0.1366,5.824,-0.004144569,-35.96189176
0.1366,5.826,-0.004122746,-35.76971043
0.1366,5.828,-0.004183864,-35.58430473
0.1366,5.83,-0.004349315,-35.40717861
0.1366,5.832,-0.004376246,-35.21145529
0.1366,5.834,-0.00439625,-35.03908827
0.1366,5.836,-0.004364954,-34.83740165
0.1366,5.838,-0.004443698,-34.63358228
0.1366,5.84,-0.004625368,-34.42461023
0.1366,5.842,-0.004672739,-34.20912279
0.1366,5.844,-0.004852094,-33.9886835
0.1366,5.846,-0.004934386,-33.75114527
0.1366,5.848,-0.005169955,-33.50152611
0.1366,5.85,-0.005406206,-33.2517668
0.1366,5.852,-0.005651214,-32.98120315
0.1366,5.854,-0.005860131,-32.68571342
0.1366,5.856,-0.006228685,-32.37577676
0.1366,5.858,-0.006584382,-32.04356177
0.1366,5.86,-0.007104771,-31.68344446
0.1366,5.862,-0.007959639,-31.27573271
0.1366,5.864,-0.009006798,-30.8779776
0.1366,5.866,-0.009713393,-30.37767722
0.1366,5.868,-0.011342363,-29.80294997
0.1366,5.87,-0.016008251,-29.17860984
0.1366,5.872,-0.021294433,-28.32373593
0.1366,5.874,-0.032687207,-27.43403748
0.1366,5.876,-0.065262708,-26.17331825
0.1366,5.878,-0.083769842,-26.18294713
0.1366,5.88,-0.138360281,-25.68650883
0.1366,5.882,-0.11334448,-22.59478523
0.1366,5.884,-0.353194175,-18.47824532
0.1366,5.886,-3.31244887,-10.39044629
0.1366,5.888,-0.609256898,-17.70918024
0.1366,5.89,-0.140671736,-25.54450981
0.1366,5.892,-0.062259446,-31.3271223
0.1366,5.894,-0.036444076,-36.90029039
0.1366,5.896,-0.025035715,-43.58446873
0.1366,5.898,-0.018617012,-55.39174438
0.1366,5.9,-0.01519558,-49.37940923
0.1366,5.902,-0.014743234,-43.58375113
0.1366,5.904,-0.012155196,-40.97646999
0.1366,5.906,-0.01082583,-38.87673259
0.1366,5.908,-0.012033218,-37.44158349
0.1366,5.91,-0.010359769,-36.24412771
0.1366,5.912,-0.010377429,-35.37708776
0.1366,5.914,-0.009360883,-34.45820019
0.1366,5.916,-0.009569747,-33.68854638
0.1366,5.918,-0.009516816,-32.94563424
0.1366,5.92,-0.012422709,-32.23238105
0.1366,5.922,-0.010407481,-31.70837247
0.1366,5.924,-0.010428474,-31.05339393
0.1366,5.926,-0.011348942,-30.41450532
0.1366,5.928,-0.011676124,-29.82935034
0.1366,5.93,-0.012294032,-29.1919798
0.1366,5.932,-0.014340592,-28.53755416
0.1366,5.934,-0.015075454,-27.94926879
0.1366,5.936,-0.016171356,-27.25387492
0.1366,5.938,-0.01803122,-26.54940967
0.1366,5.94,-0.021628488,-25.78296946
0.1366,5.942,-0.024299757,-25.01036882
0.1366,5.944,-0.030470424,-24.09095008
0.1366,5.946,-0.077297483,-23.17445946
0.1366,5.948,-0.044583561,-22.46239588
0.1366,5.95,-0.052448959,-21.21848676
0.1366,5.952,-0.073104007,-19.86094687
0.1366,5.954,-0.126640803,-18.18044198
0.1366,5.956,-0.167132456,-16.60536695
0.1366,5.958,-0.300279386,-13.90896221
0.1366,5.96,-0.886441196,-9.919051345
0.1366,5.962,-9.24645816,-4.529453375
0.1366,5.964,-1.636231282,-12.08700482
0.1366,5.966,-1.208609167,-19.74689006
0.1366,5.968,-0.81738038,-22.91810477
0.1366,5.97,-1.816007962,-11.99871611
0.1366,5.972,-4.233234462,-6.657287805
0.1366,5.974,-1.669639406,-13.89094977
0.1366,5.976,-0.58804292,-13.24287999
0.1366,5.978,-0.231287769,-15.66176284
0.1366,5.98,-0.113995316,-17.99085536
0.1366,5.982,-0.093915747,-19.86105189
0.1366,5.984,-0.093308066,-20.43436299
0.1366,5.986,-0.046625983,-21.81248806
0.1366,5.988,-0.036875112,-22.80299559
0.1366,5.99,-0.028713067,-23.76412361
0.1366,5.992,-0.024685966,-24.52753636
0.1366,5.994,-0.019690932,-25.3006227
0.1366,5.996,-0.01742251,-26.00558587
0.1366,5.998,-0.01528476,-26.63899181
0.1366,6,-0.013635584,-27.25630295
0.1366,6.002,-0.013031015,-27.85370074
0.1366,6.004,-0.017721707,-28.29249546
0.1366,6.006,-0.010913197,-28.82883473
0.1366,6.008,-0.011130574,-29.36113974
0.1366,6.01,-0.009398666,-29.79176249
0.1366,6.012,-0.008501453,-30.27485248
0.1366,6.014,-0.008036453,-30.74004007
0.1366,6.016,-0.007836532,-31.20252162
0.1366,6.018,-0.009771315,-31.62297495
0.1366,6.02,-0.007422077,-32.06548084
0.1366,6.022,-0.007805414,-32.56523306
0.1366,6.024,-0.016387624,-32.85765033
0.1366,6.026,-0.007448219,-33.28695571
0.1366,6.028,-0.007115544,-33.83234081
0.1366,6.03,-0.007455818,-34.37620035
0.1366,6.032,-0.011864266,-35.0639295
0.1366,6.034,-0.018745368,-35.58434949
0.1366,6.036,-0.010010004,-35.94724149
0.1366,6.038,-0.012665652,-37.22173241
0.1366,6.04,-0.023076771,-38.29555343
0.1366,6.042,-0.053316851,-36.2312905
0.1366,6.044,-0.020313263,-39.65154302
0.1366,6.046,-0.056727583,-44.00849042
0.1366,6.048,-0.057271562,-40.72649278
0.1366,6.05,-0.089327617,-41.99172745
0.1366,6.052,-0.473078423,-25.72542104
0.1366,6.054,-0.296049881,-24.19421666
0.1366,6.056,-0.053770686,-28.32690717
0.1366,6.058,-0.022998337,-30.56705534
0.1366,6.06,-0.015645235,-31.96014202
0.1366,6.062,-0.027780913,-32.47356214
0.1366,6.064,-0.009351999,-33.16627275
0.1366,6.066,-0.007453887,-33.81232138
0.1366,6.068,-0.006505029,-34.28871887
0.1366,6.07,-0.00675499,-34.79098523
0.1366,6.072,-0.01045295,-34.82330303
0.1366,6.074,-0.005130217,-35.25584428
0.1366,6.076,-0.00451695,-35.6016552
0.1366,6.078,-0.00427501,-35.9056165
0.1366,6.08,-0.004619366,-36.16523203
0.1366,6.082,-0.003921725,-36.41909224
0.1366,6.084,-0.003773007,-36.66760039
0.1366,6.086,-0.003704468,-36.90613734
0.1366,6.088,-0.004094851,-37.1470236
0.1366,6.09,-0.003706371,-37.3080543
0.1366,6.092,-0.003557573,-37.53787188
0.1366,6.094,-0.004693099,-37.74679726
0.1366,6.096,-0.003564192,-37.89922844
0.1366,6.098,-0.004472525,-38.08239318
0.1366,6.1,-0.003413613,-38.25915816
0.1368,5.8,-0.003986987,-37.22710297
0.1368,5.802,-0.003994165,-37.08297433
0.1368,5.804,-0.004225771,-36.94295013
0.1368,5.806,-0.006786485,-36.78902692
0.1368,5.808,-0.004898474,-36.68172489
0.1368,5.81,-0.004660191,-36.43679571
0.1368,5.812,-0.005655471,-36.12879512
0.1368,5.814,-0.009103941,-35.63255134
0.1368,5.816,-0.052215658,-35.04585112
0.1368,5.818,-0.014477978,-37.69363167
0.1368,5.82,-0.006297667,-36.82318677
0.1368,5.822,-0.005169579,-36.41980514
0.1368,5.824,-0.004726365,-36.16810024
0.1368,5.826,-0.004944567,-35.9208203
0.1368,5.828,-0.005040646,-35.781069
0.1368,5.83,-0.004284312,-35.56089535
0.1368,5.832,-0.004265305,-35.35775972
0.1368,5.834,-0.004338886,-35.16151453
0.1368,5.836,-0.00452857,-34.97392248
0.1368,5.838,-0.004566606,-34.76602683
0.1368,5.84,-0.004585602,-34.58278578
0.1368,5.842,-0.004559532,-34.36815057
0.1368,5.844,-0.004654733,-34.15084901
0.1368,5.846,-0.004867186,-33.92781067
0.1368,5.848,-0.00492962,-33.69705042
0.1368,5.85,-0.005137434,-33.46081114
0.1368,5.852,-0.005247119,-33.20561724
0.1368,5.854,-0.005534807,-32.93681646
0.1368,5.856,-0.005812415,-32.66735408
0.1368,5.858,-0.006112015,-32.37471261
0.1368,5.86,-0.006389086,-32.05403161
0.1368,5.862,-0.006847005,-31.71673323
0.1368,5.864,-0.007294386,-31.35364331
0.1368,5.866,-0.007949139,-30.9585469
0.1368,5.868,-0.009082659,-30.5087992
0.1368,5.87,-0.010301835,-30.06801879
0.1368,5.872,-0.01134406,-29.51080854
0.1368,5.874,-0.013586084,-28.86459233
0.1368,5.876,-0.019601185,-28.16061163
0.1368,5.878,-0.028138358,-27.17264147
0.1368,5.88,-0.044579303,-26.12689659
0.1368,5.882,-0.098672572,-24.61337462
0.1368,5.884,-0.116489516,-24.62126487
0.1368,5.886,-0.186250305,-24.12445735
0.1368,5.888,-0.20246607,-20.09592593
0.1368,5.89,-0.985065434,-14.35267112
0.1368,5.892,-2.567127406,-11.2434325
0.1368,5.894,-0.28439524,-20.96788958
0.1368,5.896,-0.098991482,-27.18722063
0.1368,5.898,-0.051424842,-32.31327952
0.1368,5.9,-0.03278394,-37.55178198
0.1368,5.902,-0.023623375,-44.07991988
0.1368,5.904,-0.01822853,-55.8527311
0.1368,5.906,-0.015263081,-49.18705006
0.1368,5.908,-0.015323167,-43.40467293
0.1368,5.91,-0.012542317,-40.75742794
0.1368,5.912,-0.0113898,-38.60240817
0.1368,5.914,-0.012631406,-37.12654435
0.1368,5.916,-0.011220589,-35.85902651
0.1368,5.918,-0.011061106,-34.94988341
0.1368,5.92,-0.010209387,-33.97633395
0.1368,5.922,-0.010489085,-33.15541869
0.1368,5.924,-0.010601782,-32.35564346
0.1368,5.926,-0.01459041,-31.5908486
0.1368,5.928,-0.011767716,-31.01160674
0.1368,5.93,-0.011984917,-30.294699
0.1368,5.932,-0.013382762,-29.58843755
0.1368,5.934,-0.01380227,-28.93605104
0.1368,5.936,-0.014839388,-28.22000683
0.1368,5.938,-0.017979017,-27.47726218
0.1368,5.94,-0.018872626,-26.80243909
0.1368,5.942,-0.020938967,-25.99717485
0.1368,5.944,-0.02398515,-25.16937244
0.1368,5.946,-0.030245531,-24.25589123
0.1368,5.948,-0.03492739,-23.31397427
0.1368,5.95,-0.046921053,-22.16867392
0.1368,5.952,-0.130628225,-21.1381175
0.1368,5.954,-0.075386565,-20.06489368
0.1368,5.956,-0.099747304,-18.37960752
0.1368,5.958,-0.160728297,-16.43064714
0.1368,5.96,-0.363920163,-13.84577432
0.1368,5.962,-0.617077615,-11.09017273
0.1368,5.964,-2.457692861,-5.819059389
0.1368,5.966,-8.70795166,-3.284976907
0.1368,5.968,-1.124582515,-10.61926178
0.1368,5.97,-0.49088987,-17.18724254
0.1368,5.972,-1.285407605,-19.07472669
0.1368,5.974,-0.740731807,-23.61449973
0.1368,5.976,-5.019425482,-8.701398972
0.1368,5.978,-0.53909474,-13.98884557
0.1368,5.98,-0.706704351,-17.28963572
0.1368,5.982,-0.196795265,-17.94625693
0.1368,5.984,-0.094006876,-19.50167863
0.1368,5.986,-0.057084649,-21.09722503
0.1368,5.988,-0.055358999,-22.47256269
0.1368,5.99,-0.051004352,-22.89505178
0.1368,5.992,-0.029576672,-23.96828077
0.1368,5.994,-0.024212532,-24.75699437
0.1368,5.996,-0.020170102,-25.54231279
0.1368,5.998,-0.017557359,-26.17536667
0.1368,6,-0.014649992,-26.82674004
0.1368,6.002,-0.013387086,-27.42875614
0.1368,6.004,-0.011923058,-27.97583
0.1368,6.006,-0.010888996,-28.51433563
0.1368,6.008,-0.010667865,-29.04189458
0.1368,6.01,-0.013600048,-29.41373828
0.1368,6.012,-0.0090767,-29.90775616
0.1368,6.014,-0.009636799,-30.38260025
0.1368,6.016,-0.007984413,-30.77395731
0.1368,6.018,-0.007358453,-31.21175703
0.1368,6.02,-0.007032212,-31.63643157
0.1368,6.022,-0.006937057,-32.06166269
0.1368,6.024,-0.008440436,-32.43590159
0.1368,6.026,-0.006634613,-32.85973159
0.1368,6.028,-0.00713062,-33.32857208
0.1368,6.03,-0.01351154,-33.5378954
0.1368,6.032,-0.00668116,-34.00368368
0.1368,6.034,-0.006546158,-34.51610057
0.1368,6.036,-0.006864165,-35.03401757
0.1368,6.038,-0.011566357,-35.66743643
0.1368,6.04,-0.018664893,-36.1047719
0.1368,6.042,-0.009145145,-36.55365664
0.1368,6.044,-0.01246698,-37.80823594
0.1368,6.046,-0.022196722,-38.91523318
0.1368,6.048,-0.041251879,-36.88990083
0.1368,6.05,-0.019363487,-40.32991679
0.1368,6.052,-0.063973833,-43.67387561
0.1368,6.054,-0.053041131,-41.77136088
0.1368,6.056,-0.090288172,-41.67321076
0.1368,6.058,-0.693164548,-23.78704097
0.1368,6.06,-0.190792211,-25.96801276
0.1368,6.062,-0.039932623,-29.57552067
0.1368,6.064,-0.018769171,-31.52884907
0.1368,6.066,-0.013685797,-32.79194186
0.1368,6.068,-0.021698558,-33.14785037
0.1368,6.07,-0.008182558,-33.88392172
0.1368,6.072,-0.006813964,-34.48006555
0.1368,6.074,-0.005934108,-34.9250853
0.1368,6.076,-0.006440356,-35.40297912
0.1368,6.078,-0.008497154,-35.41681478
0.1368,6.08,-0.00474635,-35.83370152
0.1368,6.082,-0.004251068,-36.15839442
0.1368,6.084,-0.004057232,-36.44643724
0.1368,6.086,-0.004306182,-36.68675575
0.1368,6.088,-0.003739221,-36.93416873
0.1368,6.09,-0.00361483,-37.1709853
0.1368,6.092,-0.003562751,-37.3992675
0.1368,6.094,-0.004044227,-37.62857356
0.1368,6.096,-0.003539364,-37.78450065
0.1368,6.098,-0.003444476,-38.00497754
0.1368,6.1,-0.004588743,-38.18521772
0.137,5.8,-0.003689726,-37.30656631
0.137,5.802,-0.003761368,-37.16687804
0.137,5.804,-0.003932316,-37.03665977
0.137,5.806,-0.004096676,-36.89101019
0.137,5.808,-0.004101613,-36.739556
0.137,5.81,-0.00435833,-36.59283331
0.137,5.812,-0.007173449,-36.43396282
0.137,5.814,-0.005079467,-36.31794781
0.137,5.816,-0.004850758,-36.05913442
0.137,5.818,-0.005972409,-35.73328655
0.137,5.82,-0.009889813,-35.20522846
0.137,5.822,-0.058622871,-34.62089176
0.137,5.824,-0.015317907,-37.37640752
0.137,5.826,-0.006613571,-36.46778691
0.137,5.828,-0.005398205,-36.0438288
0.137,5.83,-0.004918672,-35.77890019
0.137,5.832,-0.005187669,-35.51803802
0.137,5.834,-0.005257704,-35.37028939
0.137,5.836,-0.004448727,-35.13707204
0.137,5.838,-0.004433803,-34.92176443
0.137,5.84,-0.004522873,-34.71343929
0.137,5.842,-0.004741724,-34.51416118
0.137,5.844,-0.0047947,-34.29262512
0.137,5.846,-0.004812495,-34.09715925
0.137,5.848,-0.004794027,-33.86793442
0.137,5.85,-0.004910274,-33.63538928
0.137,5.852,-0.005161094,-33.39640083
0.137,5.854,-0.005243981,-33.14823975
0.137,5.856,-0.005488213,-32.89393249
0.137,5.858,-0.005634301,-32.61848181
0.137,5.86,-0.005990448,-32.32756187
0.137,5.862,-0.006322174,-32.03526373
0.137,5.864,-0.006694469,-31.71690243
0.137,5.866,-0.007066072,-31.36673106
0.137,5.868,-0.007646039,-30.99717455
0.137,5.87,-0.008221798,-30.59737471
0.137,5.872,-0.009066312,-30.16035595
0.137,5.874,-0.010606026,-29.65978347
0.137,5.876,-0.012075409,-29.16628885
0.137,5.878,-0.01362248,-28.53863121
0.137,5.88,-0.016819395,-27.80238996
0.137,5.882,-0.024897163,-26.99523457
0.137,5.884,-0.039229467,-25.83564008
0.137,5.886,-0.064940224,-24.57620614
0.137,5.888,-0.163693357,-22.71809292
0.137,5.89,-0.177699962,-22.71000762
0.137,5.892,-0.274282487,-22.18647881
0.137,5.894,-0.462096014,-16.63341073
0.137,5.896,-4.413214767,-9.412688596
0.137,5.898,-0.668248791,-16.28736399
0.137,5.9,-0.16300403,-23.44426057
0.137,5.902,-0.07377805,-28.59572247
0.137,5.904,-0.043370186,-33.21506703
0.137,5.906,-0.029740393,-38.17185889
0.137,5.908,-0.022369895,-44.56742065
0.137,5.91,-0.017871422,-56.29248783
0.137,5.912,-0.015344157,-48.99208647
0.137,5.914,-0.015969691,-43.22346702
0.137,5.916,-0.012970116,-40.53070437
0.137,5.918,-0.012024903,-38.31643624
0.137,5.92,-0.01331951,-36.79393836
0.137,5.922,-0.012259728,-35.45268752
0.137,5.924,-0.011888288,-34.49630349
0.137,5.926,-0.01123549,-33.46175384
0.137,5.928,-0.01162128,-32.58227971
0.137,5.93,-0.011967323,-31.71703826
0.137,5.932,-0.017418992,-30.89692238
0.137,5.934,-0.013547254,-30.24746153
0.137,5.936,-0.014065677,-29.45588337
0.137,5.938,-0.01620992,-28.66776496
0.137,5.94,-0.016798022,-27.93132623
0.137,5.942,-0.018540047,-27.11551049
0.137,5.944,-0.02356293,-26.25922676
0.137,5.946,-0.024790795,-25.4689192
0.137,5.948,-0.028738077,-24.51432381
0.137,5.95,-0.034210221,-23.51321556
0.137,5.952,-0.046164538,-22.38730619
0.137,5.954,-0.055896201,-21.18617168
0.137,5.956,-0.083260616,-19.67771148
0.137,5.958,-0.248132049,-18.50519461
0.137,5.96,-0.16043833,-16.7297653
0.137,5.962,-0.267544804,-14.14176782
0.137,5.964,-0.617155458,-10.79433048
0.137,5.966,-2.995578939,-6.106783949
0.137,5.968,-31.09481094,-2.292184769
0.137,5.97,-1.683001141,-7.161388308
0.137,5.972,-0.504297596,-12.36673769
0.137,5.974,-0.284150346,-16.44055162
0.137,5.976,-0.239165407,-20.65124633
0.137,5.978,-1.004829776,-19.56267793
0.137,5.98,-0.710741948,-23.81966657
0.137,5.982,-0.956405233,-13.86215417
0.137,5.984,-0.189996014,-18.44690429
0.137,5.986,-0.357969884,-20.001195
0.137,5.988,-0.099564193,-21.06114217
0.137,5.99,-0.050780211,-22.19890965
0.137,5.992,-0.034734582,-23.40899731
0.137,5.994,-0.037871182,-24.50062752
0.137,5.996,-0.032025222,-24.8357286
0.137,5.998,-0.020831973,-25.7118141
0.137,6,-0.017383614,-26.36768433
0.137,6.002,-0.015265914,-27.03234333
0.137,6.004,-0.013345495,-27.57390015
0.137,6.006,-0.011521751,-28.13730027
0.137,6.008,-0.010807933,-28.66317693
0.137,6.01,-0.009716948,-29.14571474
0.137,6.012,-0.00903666,-29.62412105
0.137,6.014,-0.009047087,-30.0978218
0.137,6.016,-0.010777582,-30.42281268
0.137,6.018,-0.007773632,-30.8771759
0.137,6.02,-0.008551401,-31.3034122
0.137,6.022,-0.006954543,-31.66540476
0.137,6.024,-0.006505297,-32.06624326
0.137,6.026,-0.006272131,-32.45755543
0.137,6.028,-0.006250606,-32.85196249
0.137,6.03,-0.007335138,-33.19032529
0.137,6.032,-0.006021298,-33.59552925
0.137,6.034,-0.00661547,-34.03883473
0.137,6.036,-0.010971945,-34.19702566
0.137,6.038,-0.006078842,-34.67324137
0.137,6.04,-0.00609332,-35.15753009
0.137,6.042,-0.006389408,-35.65371353
0.137,6.044,-0.011168203,-36.22580518
0.137,6.046,-0.018004206,-36.56523612
0.137,6.048,-0.008456301,-37.12967691
0.137,6.05,-0.012464078,-38.36874499
0.137,6.052,-0.021961122,-39.51426525
0.137,6.054,-0.032512152,-37.57262805
0.137,6.056,-0.018695859,-40.99478089
0.137,6.058,-0.073141983,-42.92928527
0.137,6.06,-0.050845282,-42.75923541
0.137,6.062,-0.094871955,-40.8987452
0.137,6.064,-0.864812568,-22.55396636
0.137,6.066,-0.129132659,-27.48425927
0.137,6.068,-0.030823168,-30.67745543
0.137,6.07,-0.015686899,-32.40354193
0.137,6.072,-0.012247741,-33.56083541
0.137,6.074,-0.016778774,-33.82414974
0.137,6.076,-0.007275257,-34.55338591
0.137,6.078,-0.006314978,-35.1062096
0.137,6.08,-0.005475903,-35.52468439
0.137,6.082,-0.006229206,-35.98184536
0.137,6.084,-0.007096547,-35.98698137
0.137,6.086,-0.004432036,-36.38124555
0.137,6.088,-0.004027196,-36.68739073
0.137,6.09,-0.003873769,-36.96133496
0.137,6.092,-0.004022694,-37.18628436
0.137,6.094,-0.003583244,-37.42590271
0.137,6.096,-0.003478351,-37.65224034
0.137,6.098,-0.003440671,-37.87135404
0.137,6.1,-0.004016301,-38.08748323
0.1372,5.8,-0.004460223,-37.35082359
0.1372,5.802,-0.003938568,-37.24058472
0.1372,5.804,-0.003945575,-37.11291297
0.1372,5.806,-0.003764455,-36.97465303
0.1372,5.808,-0.003838861,-36.82832914
0.1372,5.81,-0.004035886,-36.6914802
0.1372,5.812,-0.004223802,-36.53869123
0.1372,5.814,-0.004226134,-36.37918922
0.1372,5.816,-0.004511663,-36.22512385
0.1372,5.818,-0.007618179,-36.06109042
0.1372,5.82,-0.005288187,-35.93521213
0.1372,5.822,-0.005073737,-35.66108927
0.1372,5.824,-0.006345755,-35.31543448
0.1372,5.826,-0.010828175,-34.75176566
0.1372,5.828,-0.066208386,-34.17596018
0.1372,5.83,-0.016256912,-37.04413489
0.1372,5.832,-0.006975758,-36.09414633
0.1372,5.834,-0.005664004,-35.64762046
0.1372,5.836,-0.00514309,-35.36811345
0.1372,5.838,-0.005474962,-35.09229086
0.1372,5.84,-0.005512075,-34.93555913
0.1372,5.842,-0.004643613,-34.68784289
0.1372,5.844,-0.00463453,-34.45893237
0.1372,5.846,-0.004743066,-34.23706348
0.1372,5.848,-0.004997444,-34.02465385
0.1372,5.85,-0.005070635,-33.78773115
0.1372,5.852,-0.005087109,-33.57842445
0.1372,5.854,-0.005079631,-33.3326386
0.1372,5.856,-0.005223216,-33.08272302
0.1372,5.858,-0.005522615,-32.82549654
0.1372,5.86,-0.005633691,-32.55733685
0.1372,5.862,-0.00592546,-32.28217554
0.1372,5.864,-0.006120835,-31.98324982
0.1372,5.866,-0.006568754,-31.66655093
0.1372,5.868,-0.006973083,-31.34748142
0.1372,5.87,-0.007444725,-30.99878566
0.1372,5.872,-0.007950549,-30.61363257
0.1372,5.874,-0.008702087,-30.20548843
0.1372,5.876,-0.00946381,-29.7613372
0.1372,5.878,-0.010586052,-29.27318435
0.1372,5.88,-0.012740364,-28.70997754
0.1372,5.882,-0.014589941,-28.15047369
0.1372,5.884,-0.016939942,-27.43334483
0.1372,5.886,-0.021714404,-26.58034607
0.1372,5.888,-0.033203054,-25.63499092
0.1372,5.89,-0.058624078,-24.24634272
0.1372,5.892,-0.103610289,-22.67823096
0.1372,5.894,-0.309637301,-20.34483198
0.1372,5.896,-0.311045601,-20.27714794
0.1372,5.898,-0.464574823,-19.69681132
0.1372,5.9,-1.761919865,-11.45323826
0.1372,5.902,-1.925983992,-11.96829363
0.1372,5.904,-0.279755829,-19.97994785
0.1372,5.906,-0.105848506,-25.41953139
0.1372,5.908,-0.057398959,-29.82868608
0.1372,5.91,-0.037218168,-34.04669833
0.1372,5.912,-0.027184228,-38.76411641
0.1372,5.914,-0.021252751,-45.04798768
0.1372,5.916,-0.01754374,-56.70416
0.1372,5.918,-0.01543961,-48.79445189
0.1372,5.92,-0.016686737,-43.04128755
0.1372,5.922,-0.013443133,-40.295838
0.1372,5.924,-0.012744637,-38.01790719
0.1372,5.926,-0.014115686,-36.44347641
0.1372,5.928,-0.013529438,-35.02308265
0.1372,5.93,-0.012892252,-34.01337055
0.1372,5.932,-0.012491931,-32.91000146
0.1372,5.934,-0.013035896,-31.96310891
0.1372,5.936,-0.01371799,-31.02157269
0.1372,5.938,-0.021105607,-30.14240557
0.1372,5.94,-0.015933908,-29.40222179
0.1372,5.942,-0.016935275,-28.51895369
0.1372,5.944,-0.020286808,-27.62934211
0.1372,5.946,-0.02120694,-26.78479799
0.1372,5.948,-0.02421342,-25.83838761
0.1372,5.95,-0.032703044,-24.83105845
0.1372,5.952,-0.034749684,-23.87892737
0.1372,5.954,-0.042781206,-22.7098969
0.1372,5.956,-0.054012991,-21.44787382
0.1372,5.958,-0.080403581,-19.98849423
0.1372,5.96,-0.106598737,-18.34390892
0.1372,5.962,-0.190292861,-16.16275247
0.1372,5.964,-0.600708803,-14.78722016
0.1372,5.966,-0.572810785,-11.34486033
0.1372,5.968,-1.966350225,-6.292185292
0.1372,5.97,-23.3847696,-2.053749232
0.1372,5.972,-1.999774018,-7.641221282
0.1372,5.974,-0.613177385,-11.11343073
0.1372,5.976,-0.259547222,-14.68501096
0.1372,5.978,-0.15455868,-17.47207354
0.1372,5.98,-0.129722277,-20.04710544
0.1372,5.982,-0.147817949,-23.20500347
0.1372,5.984,-0.612578723,-21.11862703
0.1372,5.986,-0.703378773,-23.62980301
0.1372,5.988,-0.308191308,-18.2642371
0.1372,5.99,-0.097003555,-21.46227535
0.1372,5.992,-0.200077049,-22.21122963
0.1372,5.994,-0.061689117,-23.37468897
0.1372,5.996,-0.032024279,-24.27821629
0.1372,5.998,-0.023742258,-25.25268801
0.1372,6,-0.028561903,-26.159768
0.1372,6.002,-0.02208709,-26.43882647
0.1372,6.004,-0.015775638,-27.17758854
0.1372,6.006,-0.013299537,-27.73961267
0.1372,6.008,-0.0122034,-28.3162827
0.1372,6.01,-0.010657494,-28.79025597
0.1372,6.012,-0.009448068,-29.28719281
0.1372,6.014,-0.00905992,-29.75420154
0.1372,6.016,-0.008191451,-30.18699254
0.1372,6.018,-0.007728225,-30.61810365
0.1372,6.02,-0.007893057,-31.0491029
0.1372,6.022,-0.00882863,-31.33992114
0.1372,6.024,-0.006816128,-31.7582287
0.1372,6.026,-0.007699509,-32.14151871
0.1372,6.028,-0.00618113,-32.48227341
0.1372,6.03,-0.005851178,-32.85241258
0.1372,6.032,-0.005682574,-33.21580352
0.1372,6.034,-0.005716044,-33.58434305
0.1372,6.036,-0.006452508,-33.89521541
0.1372,6.038,-0.005534318,-34.2815305
0.1372,6.04,-0.006223763,-34.70361003
0.1372,6.042,-0.008987792,-34.83389867
0.1372,6.044,-0.005597115,-35.30202672
0.1372,6.046,-0.005730835,-35.76191019
0.1372,6.048,-0.006004366,-36.24004362
0.1372,6.05,-0.010551776,-36.74919425
0.1372,6.052,-0.016560785,-36.99527086
0.1372,6.054,-0.007901442,-37.67894722
0.1372,6.056,-0.012663163,-38.90267896
0.1372,6.058,-0.022313518,-40.08735808
0.1372,6.06,-0.026288881,-38.2483754
0.1372,6.062,-0.018270959,-41.65065861
0.1372,6.064,-0.083799862,-41.90127713
0.1372,6.066,-0.050436681,-43.63910035
0.1372,6.068,-0.103754689,-39.75925734
0.1372,6.07,-0.749804325,-22.79268576
0.1372,6.072,-0.090180269,-28.82207592
0.1372,6.074,-0.024540845,-31.66407941
0.1372,6.076,-0.013377652,-33.20639679
0.1372,6.078,-0.011202276,-34.27650587
0.1372,6.08,-0.0131889,-34.48589959
0.1372,6.082,-0.00655786,-35.18126171
0.1372,6.084,-0.005922561,-35.69543077
0.1372,6.086,-0.005102837,-36.09196331
0.1372,6.088,-0.006114426,-36.53108106
0.1372,6.09,-0.006094549,-36.53181382
0.1372,6.092,-0.004171237,-36.90186833
0.1372,6.094,-0.003836787,-37.19161447
0.1372,6.096,-0.003718421,-37.45300801
0.1372,6.098,-0.003783407,-37.66569586
0.1372,6.1,-0.003448668,-37.89661378
0.1374,5.8,-0.00372458,-37.37743503
0.1374,5.802,-0.003732979,-37.25123492
0.1374,5.804,-0.003963916,-37.11931977
0.1374,5.806,-0.004595819,-37.01744609
0.1374,5.808,-0.004055991,-36.90593456
0.1374,5.81,-0.004050794,-36.77155999
0.1374,5.812,-0.003850872,-36.62689506
0.1374,5.814,-0.003928709,-36.47331611
0.1374,5.816,-0.004156143,-36.32920301
0.1374,5.818,-0.004371845,-36.16861484
0.1374,5.82,-0.004371198,-36.00023453
0.1374,5.822,-0.004690026,-35.83808643
0.1374,5.824,-0.008132041,-35.66864706
0.1374,5.826,-0.00553043,-35.53157093
0.1374,5.828,-0.005336446,-35.24049052
0.1374,5.83,-0.006789033,-34.87274192
0.1374,5.832,-0.011959466,-34.26899313
0.1374,5.834,-0.075240229,-33.71011219
0.1374,5.836,-0.017312916,-36.69545833
0.1374,5.838,-0.007393718,-35.70043471
0.1374,5.84,-0.005975244,-35.22903536
0.1374,5.842,-0.005406934,-34.93337176
0.1374,5.844,-0.005817122,-34.64098499
0.1374,5.846,-0.005812708,-34.47410384
0.1374,5.848,-0.004876586,-34.21017064
0.1374,5.85,-0.004875809,-33.96596025
0.1374,5.852,-0.005009124,-33.72880358
0.1374,5.854,-0.005307369,-33.50153245
0.1374,5.856,-0.005408126,-33.24712389
0.1374,5.858,-0.005423337,-33.02202102
0.1374,5.86,-0.005431762,-32.75727755
0.1374,5.862,-0.005611497,-32.48739071
0.1374,5.864,-0.00597354,-32.20910983
0.1374,5.866,-0.006124149,-31.91773506
0.1374,5.868,-0.006479393,-31.6182447
0.1374,5.87,-0.006742987,-31.29179712
0.1374,5.872,-0.00731689,-30.94467987
0.1374,5.874,-0.007821515,-30.59380085
0.1374,5.876,-0.008433109,-30.20880438
0.1374,5.878,-0.009134988,-29.78149961
0.1374,5.88,-0.010136266,-29.32638614
0.1374,5.882,-0.011178602,-28.8276085
0.1374,5.884,-0.012725495,-28.27573453
0.1374,5.886,-0.015853232,-27.63350906
0.1374,5.888,-0.018316277,-26.98901643
0.1374,5.89,-0.02203411,-26.15453248
0.1374,5.892,-0.029624633,-25.14422384
0.1374,5.894,-0.047354911,-24.00536173
0.1374,5.896,-0.096284713,-22.29651713
0.1374,5.898,-0.189419549,-20.250096
0.1374,5.9,-0.707997291,-17.3213298
0.1374,5.902,-0.679956289,-17.03547772
0.1374,5.904,-0.986129889,-16.40131803
0.1374,5.906,-5.171263076,-8.285215418
0.1374,5.908,-0.537659126,-16.91025239
0.1374,5.91,-0.152008506,-22.6791112
0.1374,5.912,-0.074636103,-27.05865792
0.1374,5.914,-0.046165852,-30.92587423
0.1374,5.916,-0.032411098,-34.81921961
0.1374,5.918,-0.025018566,-39.33157378
0.1374,5.92,-0.020253273,-45.52260865
0.1374,5.922,-0.017243759,-57.07993825
0.1374,5.924,-0.015550341,-48.59406376
0.1374,5.926,-0.01747418,-42.85962245
0.1374,5.928,-0.013966731,-40.05231586
0.1374,5.93,-0.013566093,-37.70582387
0.1374,5.932,-0.015030153,-36.07411348
0.1374,5.934,-0.015100692,-34.56807054
0.1374,5.936,-0.014117699,-33.49746317
0.1374,5.938,-0.014052553,-32.31565671
0.1374,5.94,-0.014833072,-31.29039872
0.1374,5.942,-0.016011788,-30.25872981
0.1374,5.944,-0.025897205,-29.31581999
0.1374,5.946,-0.019234466,-28.45754164
0.1374,5.948,-0.021047823,-27.45912962
0.1374,5.95,-0.026439614,-26.44043586
0.1374,5.952,-0.028075097,-25.45178925
0.1374,5.954,-0.033550446,-24.3272252
0.1374,5.956,-0.049025047,-23.10943501
0.1374,5.958,-0.05345942,-21.91490585
0.1374,5.96,-0.071966669,-20.412661
0.1374,5.962,-0.100433301,-18.71504143
0.1374,5.964,-0.175861776,-16.65854048
0.1374,5.966,-0.286984644,-14.10259618
0.1374,5.968,-0.78916955,-10.34290055
0.1374,5.97,-2.708268324,-9.049486302
0.1374,5.972,-18.93239262,-2.295938508
0.1374,5.974,-1.91344772,-6.423092375
0.1374,5.976,-0.559158785,-11.26841569
0.1374,5.978,-0.344036335,-14.75530009
0.1374,5.98,-0.161758964,-16.73850039
0.1374,5.982,-0.099994014,-18.87250474
0.1374,5.984,-0.074983434,-20.74673645
0.1374,5.986,-0.075882209,-22.63125528
0.1374,5.988,-0.105007654,-25.22244196
0.1374,5.99,-0.354911386,-23.038177
0.1374,5.992,-0.673362589,-23.35088733
0.1374,5.994,-0.143589688,-21.33816113
0.1374,5.996,-0.059749425,-23.73194688
0.1374,5.998,-0.118915051,-24.08431743
0.1374,6,-0.042991852,-25.21047891
0.1374,6.002,-0.022289066,-25.97216517
0.1374,6.004,-0.017544464,-26.78837557
0.1374,6.006,-0.023097648,-27.56390629
0.1374,6.008,-0.016311952,-27.80572675
0.1374,6.01,-0.012603566,-28.44352557
0.1374,6.012,-0.0106698,-28.93599524
0.1374,6.014,-0.010172407,-29.44543057
0.1374,6.016,-0.00884006,-29.86773563
0.1374,6.018,-0.008002924,-30.31275332
0.1374,6.02,-0.007814754,-30.73253458
0.1374,6.022,-0.007092482,-31.12619547
0.1374,6.024,-0.006769482,-31.51915987
0.1374,6.026,-0.007048912,-31.91553581
0.1374,6.028,-0.007458461,-32.18016851
0.1374,6.03,-0.006092251,-32.56649642
0.1374,6.032,-0.006963585,-32.91122962
0.1374,6.034,-0.005585207,-33.23678879
0.1374,6.036,-0.005338235,-33.58105264
0.1374,6.038,-0.005215718,-33.92076001
0.1374,6.04,-0.005293175,-34.26733597
0.1374,6.042,-0.005764525,-34.55678834
0.1374,6.044,-0.005141273,-34.92462407
0.1374,6.046,-0.005932213,-35.32895371
0.1374,6.048,-0.007530091,-35.44464631
0.1374,6.05,-0.005205648,-35.89523948
0.1374,6.052,-0.005438741,-36.33344612
0.1374,6.054,-0.005689884,-36.79696809
0.1374,6.056,-0.009729463,-37.25174079
0.1374,6.058,-0.01455841,-37.4266119
0.1374,6.06,-0.00745093,-38.20457385
0.1374,6.062,-0.013066816,-39.40621709
0.1374,6.064,-0.023247605,-40.62500892
0.1374,6.066,-0.021848003,-38.90362408
0.1374,6.068,-0.018065303,-42.30173523
0.1374,6.07,-0.094208205,-40.80482263
0.1374,6.072,-0.051760775,-44.31600127
0.1374,6.074,-0.118048549,-38.36826922
0.1374,6.076,-0.488208176,-24.23246289
0.1374,6.078,-0.064753452,-30.02609899
0.1374,6.08,-0.020044391,-32.55787084
0.1374,6.082,-0.011607792,-33.94904756
0.1374,6.084,-0.010470739,-34.94637068
0.1374,6.086,-0.010663403,-35.12131538
0.1374,6.088,-0.005981261,-35.77289791
0.1374,6.09,-0.005604139,-36.25133833
0.1374,6.092,-0.004795468,-36.63063976
0.1374,6.094,-0.006094981,-37.05315221
0.1374,6.096,-0.005367239,-37.05167009
0.1374,6.098,-0.003952252,-37.39843246
0.1374,6.1,-0.00367336,-37.67359282
0.1376,5.8,-0.003793528,-37.41784305
0.1376,5.802,-0.003668657,-37.29354792
0.1376,5.804,-0.003795372,-37.17576351
0.1376,5.806,-0.003804416,-37.04890575
0.1376,5.808,-0.003809307,-36.91730993
0.1376,5.81,-0.004050708,-36.77906215
0.1376,5.812,-0.004740927,-36.66852946
0.1376,5.814,-0.004192976,-36.55509485
0.1376,5.816,-0.004170698,-36.41345769
0.1376,5.818,-0.00395126,-36.26181263
0.1376,5.82,-0.004033329,-36.10026922
0.1376,5.822,-0.004296487,-35.94816627
0.1376,5.824,-0.00454519,-35.77902537
0.1376,5.826,-0.0045412,-35.60080585
0.1376,5.828,-0.004898823,-35.42971915
0.1376,5.83,-0.008729363,-35.25459594
0.1376,5.832,-0.005813608,-35.10476542
0.1376,5.834,-0.005648379,-34.79480704
0.1376,5.836,-0.007320033,-34.40227416
0.1376,5.838,-0.013338243,-33.75313749
0.1376,5.84,-0.086053877,-33.22264473
0.1376,5.842,-0.018508142,-36.32883546
0.1376,5.844,-0.007879522,-35.28453566
0.1376,5.846,-0.006342622,-34.7855733
0.1376,5.848,-0.005719736,-34.4718993
0.1376,5.85,-0.006228202,-34.16106593
0.1376,5.852,-0.006171416,-33.98264297
0.1376,5.854,-0.005157803,-33.70044444
0.1376,5.856,-0.005168837,-33.43890105
0.1376,5.858,-0.00533416,-33.18435608
0.1376,5.86,-0.005687418,-32.94012903
0.1376,5.862,-0.005826166,-32.66568053
0.1376,5.864,-0.005840534,-32.42238494
0.1376,5.866,-0.005872137,-32.13573044
0.1376,5.868,-0.006100664,-31.84264573
0.1376,5.87,-0.00654525,-31.53978966
0.1376,5.872,-0.006752439,-31.22115148
0.1376,5.874,-0.007194696,-30.89292058
0.1376,5.876,-0.007555225,-30.53376553
0.1376,5.878,-0.008307008,-30.15022773
0.1376,5.88,-0.008955086,-29.76094495
0.1376,5.882,-0.009771104,-29.33174679
0.1376,5.884,-0.01076952,-28.85267879
0.1376,5.886,-0.012150215,-28.33916897
0.1376,5.888,-0.013637704,-27.77149664
0.1376,5.89,-0.015870495,-27.13806626
0.1376,5.892,-0.020631616,-26.3931611
0.1376,5.894,-0.024169122,-25.63522284
0.1376,5.896,-0.030433869,-24.64019773
0.1376,5.898,-0.043615,-23.40680475
0.1376,5.9,-0.074490522,-21.97965792
0.1376,5.902,-0.181815501,-19.79322206
0.1376,5.904,-0.435580283,-16.94005048
0.1376,5.906,-1.938540327,-13.95055581
0.1376,5.908,-2.081679618,-12.85633454
0.1376,5.91,-2.684152977,-12.58318542
0.1376,5.912,-0.906326634,-14.00588989
0.1376,5.914,-0.236578978,-20.40233597
0.1376,5.916,-0.095724081,-24.78408473
0.1376,5.918,-0.055780231,-28.45949124
0.1376,5.92,-0.038127206,-31.91524658
0.1376,5.922,-0.028581341,-35.54137213
0.1376,5.924,-0.02316952,-39.8767664
0.1376,5.926,-0.019355919,-45.99223986
0.1376,5.928,-0.016969947,-57.41137956
0.1376,5.93,-0.015677367,-48.39082336
0.1376,5.932,-0.018325107,-42.68021257
0.1376,5.934,-0.014547257,-39.79956813
0.1376,5.936,-0.014511155,-37.37910693
0.1376,5.938,-0.016075977,-35.68391148
0.1376,5.94,-0.017069091,-34.08550816
0.1376,5.942,-0.015625908,-32.94417095
0.1376,5.944,-0.016023212,-31.67204339
0.1376,5.946,-0.017161519,-30.55463254
0.1376,5.948,-0.019096511,-29.41480776
0.1376,5.95,-0.032142822,-28.40015399
0.1376,5.952,-0.02397789,-27.38810631
0.1376,5.954,-0.027237154,-26.24095176
0.1376,5.956,-0.036284668,-25.05254204
0.1376,5.958,-0.03963142,-23.86273709
0.1376,5.96,-0.050528672,-22.48107027
0.1376,5.962,-0.082083389,-20.94993795
0.1376,5.964,-0.095177673,-19.35567335
0.1376,5.966,-0.149016462,-17.2682859
0.1376,5.968,-0.255315498,-14.70924659
0.1376,5.97,-0.639268244,-11.31935347
0.1376,5.972,-2.117032942,-6.302289124
0.1376,5.974,-12.54495616,-2.904350939
0.1376,5.976,-4.04150596,-7.619600036
0.1376,5.978,-0.660701786,-10.75794034
0.1376,5.98,-0.263907214,-14.31015105
0.1376,5.982,-0.152075394,-16.81502561
0.1376,5.984,-0.139332014,-18.84826979
0.1376,5.986,-0.073500894,-20.21925211
0.1376,5.988,-0.053342037,-21.7345541
0.1376,5.99,-0.044976124,-23.15312081
0.1376,5.992,-0.050631452,-24.64525671
0.1376,5.994,-0.081851131,-26.89115382
0.1376,5.996,-0.216712357,-24.88903458
0.1376,5.998,-0.572703627,-23.40700611
0.1376,6,-0.081289436,-23.65492399
0.1376,6.002,-0.041295728,-25.55277582
0.1376,6.004,-0.074429435,-25.70750831
0.1376,6.006,-0.032126566,-26.72991299
0.1376,6.008,-0.016619313,-27.40325657
0.1376,6.01,-0.013713297,-28.10619136
0.1376,6.012,-0.01967691,-28.78005639
0.1376,6.014,-0.012692933,-28.9983702
0.1376,6.016,-0.010492566,-29.55869483
0.1376,6.018,-0.008879855,-29.99794521
0.1376,6.02,-0.008762158,-30.45389904
0.1376,6.022,-0.007554769,-30.83589065
0.1376,6.024,-0.006955456,-31.23927648
0.1376,6.026,-0.006883759,-31.62003907
0.1376,6.028,-0.006274224,-31.98244108
0.1376,6.03,-0.006045764,-32.3440235
0.1376,6.032,-0.006420526,-32.7117715
0.1376,6.034,-0.006472049,-32.95542717
0.1376,6.036,-0.005532017,-33.3137966
0.1376,6.038,-0.006286321,-33.62483087
0.1376,6.04,-0.005115944,-33.93841827
0.1376,6.042,-0.004928189,-34.26060045
0.1376,6.044,-0.004839413,-34.57999045
0.1376,6.046,-0.004954842,-34.9077283
0.1376,6.048,-0.00523125,-35.17992742
0.1376,6.05,-0.004819602,-35.5303828
0.1376,6.052,-0.005726578,-35.91971577
0.1376,6.054,-0.006478733,-36.02738101
0.1376,6.056,-0.004883084,-36.45716287
0.1376,6.058,-0.005199287,-36.87548777
0.1376,6.06,-0.005432331,-37.32781767
0.1376,6.062,-0.008846083,-37.74449982
0.1376,6.064,-0.012454648,-37.87389623
0.1376,6.066,-0.007083574,-38.7092293
0.1376,6.068,-0.013647632,-39.87122501
0.1376,6.07,-0.024790504,-41.10937915
0.1376,6.072,-0.018645087,-39.5340793
0.1376,6.074,-0.018068496,-42.95182721
0.1376,6.076,-0.100881025,-39.88367611
0.1376,6.078,-0.054879237,-44.65354046
0.1376,6.08,-0.139689679,-36.80564399
0.1376,6.082,-0.297013721,-26.02954782
0.1376,6.084,-0.04789149,-31.11763386
0.1376,6.086,-0.016727202,-33.37543926
0.1376,6.088,-0.010225512,-34.64056528
0.1376,6.09,-0.010008281,-35.57588964
0.1376,6.092,-0.008884975,-35.725838
0.1376,6.094,-0.005511219,-36.33269059
0.1376,6.096,-0.005323145,-36.77705929
0.1376,6.098,-0.004539826,-37.14385085
0.1376,6.1,-0.006173104,-37.54927082
0.1378,5.8,-0.003612999,-37.43406208
0.1378,5.802,-0.00370569,-37.31705442
0.1378,5.804,-0.00392775,-37.20183624
0.1378,5.806,-0.003887322,-37.09144092
0.1378,5.808,-0.003738756,-36.96172709
0.1378,5.81,-0.003885874,-36.83764894
0.1378,5.812,-0.003896119,-36.70477207
0.1378,5.814,-0.003898612,-36.56731338
0.1378,5.816,-0.004153117,-36.42213284
0.1378,5.818,-0.004900636,-36.30271648
0.1378,5.82,-0.00435312,-36.18653006
0.1378,5.822,-0.00430787,-36.03703207
0.1378,5.824,-0.004068485,-35.87771141
0.1378,5.826,-0.004155763,-35.70738637
0.1378,5.828,-0.00446123,-35.54645678
0.1378,5.83,-0.004749411,-35.36789673
0.1378,5.832,-0.004741772,-35.17871845
0.1378,5.834,-0.005145,-34.99769613
0.1378,5.836,-0.009428439,-34.81656629
0.1378,5.838,-0.006147324,-34.65215476
0.1378,5.84,-0.006022018,-34.32106148
0.1378,5.842,-0.007962518,-33.9005504
0.1378,5.844,-0.015039476,-33.19965955
0.1378,5.846,-0.099066765,-32.71328938
0.1378,5.848,-0.019870415,-35.94250105
0.1378,5.85,-0.00844872,-34.843984
0.1378,5.852,-0.006780172,-34.31429564
0.1378,5.854,-0.006094099,-33.98041357
0.1378,5.856,-0.006726991,-33.64890257
0.1378,5.858,-0.006604053,-33.45725881
0.1378,5.86,-0.005501056,-33.15432586
0.1378,5.862,-0.005528974,-32.8729853
0.1378,5.864,-0.005736337,-32.5984909
0.1378,5.866,-0.006159836,-32.33473912
0.1378,5.868,-0.00635165,-32.03710018
0.1378,5.87,-0.006366319,-31.77263092
0.1378,5.872,-0.00643213,-31.46036855
0.1378,5.874,-0.006728102,-31.14001565
0.1378,5.876,-0.007284269,-30.8081036
0.1378,5.878,-0.007574429,-30.45700804
0.1378,5.88,-0.008139717,-30.0943191
0.1378,5.882,-0.008642389,-29.69566178
0.1378,5.884,-0.009653964,-29.267748
0.1378,5.886,-0.010516002,-28.8311982
0.1378,5.888,-0.01164403,-28.34702726
0.1378,5.89,-0.013111041,-27.80289069
0.1378,5.892,-0.015099965,-27.2148376
0.1378,5.894,-0.017339378,-26.55764588
0.1378,5.896,-0.020761201,-25.81619986
0.1378,5.898,-0.028478707,-24.93263357
0.1378,5.9,-0.034122449,-24.01579203
0.1378,5.902,-0.045745537,-22.78817625
0.1378,5.904,-0.071887201,-21.21467583
0.1378,5.906,-0.137062679,-19.31678886
0.1378,5.908,-0.434840796,-16.35370979
0.1378,5.91,-1.561954938,-12.15146501
0.1378,5.912,-2.719633496,-13.29535847
0.1378,5.914,-3.388296702,-11.38528555
0.1378,5.916,-2.540217615,-12.52513646
0.1378,5.918,-0.308576461,-18.45427332
0.1378,5.92,-0.131833629,-22.97769776
0.1378,5.922,-0.066194267,-26.50638704
0.1378,5.924,-0.043530096,-29.6835276
0.1378,5.926,-0.032174323,-32.81712454
0.1378,5.928,-0.025478963,-36.22018178
0.1378,5.93,-0.021579679,-40.40181636
0.1378,5.932,-0.018547683,-46.45780729
0.1378,5.934,-0.016720937,-57.6899568
0.1378,5.936,-0.015821837,-48.18461563
0.1378,5.938,-0.019222928,-42.50480709
0.1378,5.94,-0.015192252,-39.53696169
0.1378,5.942,-0.015608078,-37.03661686
0.1378,5.944,-0.017278363,-35.27023321
0.1378,5.946,-0.019560133,-33.57343968
0.1378,5.948,-0.017502562,-32.34808782
0.1378,5.95,-0.01855981,-30.97081416
0.1378,5.952,-0.02025003,-29.743511
0.1378,5.954,-0.023378435,-28.47149748
0.1378,5.956,-0.040444873,-27.36994729
0.1378,5.958,-0.031140274,-26.15761278
0.1378,5.96,-0.037172683,-24.81115659
0.1378,5.962,-0.053336473,-23.38924488
0.1378,5.964,-0.06134387,-21.90068351
0.1378,5.966,-0.086425675,-20.11670062
0.1378,5.968,-0.164056027,-18.06945262
0.1378,5.97,-0.221269976,-15.7088594
0.1378,5.972,-0.48006451,-12.35942461
0.1378,5.974,-1.523131198,-7.566961919
0.1378,5.976,-17.95480573,-2.793774818
0.1378,5.978,-1.972813917,-6.583375809
0.1378,5.98,-0.575459166,-11.86997011
0.1378,5.982,-0.612748598,-13.94377256
0.1378,5.984,-0.167678319,-16.52194598
0.1378,5.986,-0.09857401,-18.61455337
0.1378,5.988,-0.070178267,-20.26121547
0.1378,5.99,-0.076603227,-21.66143718
0.1378,5.992,-0.042359028,-22.73216454
0.1378,5.994,-0.033659597,-23.90987544
0.1378,5.996,-0.030515945,-25.05781367
0.1378,5.998,-0.036588362,-26.29987431
0.1378,6,-0.068273417,-28.31506051
0.1378,6.002,-0.143020334,-26.54863527
0.1378,6.004,-0.416270839,-24.04897887
0.1378,6.006,-0.05185554,-25.50748617
0.1378,6.008,-0.030900999,-27.07504364
0.1378,6.01,-0.048986887,-27.13118506
0.1378,6.012,-0.024913615,-28.02694298
0.1378,6.014,-0.01304029,-28.64375708
0.1378,6.016,-0.011183174,-29.2618456
0.1378,6.018,-0.017416877,-29.85032367
0.1378,6.02,-0.010290942,-30.05729807
0.1378,6.022,-0.009021034,-30.55590248
0.1378,6.024,-0.007607616,-30.95369333
0.1378,6.026,-0.007742361,-31.36544578
0.1378,6.028,-0.006612478,-31.71578258
0.1378,6.03,-0.006171783,-32.08507709
0.1378,6.032,-0.006154376,-32.43305492
0.1378,6.034,-0.005648178,-32.76995924
0.1378,6.036,-0.005485845,-33.1053046
0.1378,6.038,-0.005949108,-33.44891575
0.1378,6.04,-0.005743445,-33.67522736
0.1378,6.042,-0.005089915,-34.00930471
0.1378,6.044,-0.005668439,-34.29244206
0.1378,6.046,-0.004739452,-34.5946424
0.1378,6.048,-0.004594902,-34.89777945
0.1378,6.05,-0.004531402,-35.19957202
0.1378,6.052,-0.004682341,-35.51099952
0.1378,6.054,-0.004814783,-35.76881296
0.1378,6.056,-0.004553226,-36.10338003
0.1378,6.058,-0.00559933,-36.4797235
0.1378,6.06,-0.005715753,-36.58241325
0.1378,6.062,-0.004614053,-36.99136742
0.1378,6.064,-0.004993598,-37.39081591
0.1378,6.066,-0.005222003,-37.83541721
0.1378,6.068,-0.008059439,-38.2309076
0.1378,6.07,-0.010594064,-38.33397938
0.1378,6.072,-0.006784103,-39.19523529
0.1378,6.074,-0.014297877,-40.28631121
0.1378,6.076,-0.026967218,-41.50975624
0.1378,6.078,-0.016304092,-40.13988125
0.1378,6.08,-0.018282003,-43.60419914
0.1378,6.082,-0.100115609,-39.33914072
0.1378,6.084,-0.059775838,-44.54242235
0.1378,6.086,-0.171788971,-35.11758908
0.1378,6.088,-0.187033673,-27.74551904
0.1378,6.09,-0.036507896,-32.11004078
0.1378,6.092,-0.014217652,-34.12938208
0.1378,6.094,-0.009128926,-35.28816155
0.1378,6.096,-0.009793424,-36.16848067
0.1378,6.098,-0.007609287,-36.29932462
0.1378,6.1,-0.00512332,-36.86429639
0.138,5.8,-0.003744942,-37.46594698
0.138,5.802,-0.003648425,-37.35428281
0.138,5.804,-0.00373317,-37.23164217
0.138,5.806,-0.00367424,-37.10882311
0.138,5.808,-0.003782973,-36.98622762
0.138,5.81,-0.004029003,-36.86504728
0.138,5.812,-0.00399579,-36.74956449
0.138,5.814,-0.003820366,-36.6140607
0.138,5.816,-0.003989455,-36.4830757
0.138,5.818,-0.004001734,-36.3435996
0.138,5.82,-0.004003267,-36.19972614
0.138,5.822,-0.004273649,-36.04691478
0.138,5.824,-0.005081326,-35.91837627
0.138,5.826,-0.004540875,-35.79848675
0.138,5.828,-0.004465849,-35.64047492
0.138,5.83,-0.00420618,-35.472639
0.138,5.832,-0.004299882,-35.29258491
0.138,5.834,-0.004655892,-35.1218569
0.138,5.836,-0.004991686,-34.93287387
0.138,5.838,-0.004980218,-34.73142253
0.138,5.84,-0.005437606,-34.5392937
0.138,5.842,-0.010252945,-34.35177635
0.138,5.844,-0.006544206,-34.17062496
0.138,5.846,-0.006474035,-33.81571905
0.138,5.848,-0.00874879,-33.36339968
0.138,5.85,-0.017168344,-32.60303415
0.138,5.852,-0.11479146,-32.18250884
0.138,5.854,-0.021434949,-35.5344221
0.138,5.856,-0.009121622,-34.37588481
0.138,5.858,-0.007306588,-33.81171658
0.138,5.86,-0.006546968,-33.45499431
0.138,5.862,-0.007339046,-33.10013236
0.138,5.864,-0.007132302,-32.89322025
0.138,5.866,-0.005925458,-32.56653964
0.138,5.868,-0.005977738,-32.2623758
0.138,5.87,-0.006241392,-31.96476522
0.138,5.872,-0.006756468,-31.67829071
0.138,5.874,-0.007023669,-31.35351309
0.138,5.876,-0.007041204,-31.06409858
0.138,5.878,-0.007158428,-30.72151617
0.138,5.88,-0.007550291,-30.36865926
0.138,5.882,-0.008261978,-30.00186787
0.138,5.884,-0.008677458,-29.61149814
0.138,5.886,-0.009423274,-29.20675609
0.138,5.888,-0.010142539,-28.75945152
0.138,5.89,-0.011549598,-28.27630443
0.138,5.892,-0.012747607,-27.7801826
0.138,5.894,-0.014378588,-27.22582089
0.138,5.896,-0.016629024,-26.59744384
0.138,5.898,-0.01966289,-25.91097692
0.138,5.9,-0.023280055,-25.13287896
0.138,5.902,-0.028967649,-24.2417416
0.138,5.904,-0.042625341,-23.16088936
0.138,5.906,-0.053107903,-22.00602258
0.138,5.908,-0.078238966,-20.41229299
0.138,5.91,-0.142897277,-18.26036934
0.138,5.912,-0.338286431,-15.47543273
0.138,5.914,-1.688322993,-11.2645244
0.138,5.916,-5.302243339,-8.710708127
0.138,5.918,-1.280333999,-16.39064373
0.138,5.92,-1.076814321,-15.40913436
0.138,5.922,-0.817933038,-16.43768395
0.138,5.924,-0.151893589,-21.53227714
0.138,5.926,-0.084163438,-25.0031665
0.138,5.928,-0.048825579,-27.96430138
0.138,5.93,-0.035124021,-30.77157612
0.138,5.932,-0.027640374,-33.64670725
0.138,5.934,-0.022929446,-36.8613706
0.138,5.936,-0.020203421,-40.90849296
0.138,5.938,-0.017817631,-46.9202098
0.138,5.94,-0.016495495,-57.90782356
0.138,5.942,-0.015985051,-47.97530886
0.138,5.944,-0.020139681,-42.33469696
0.138,5.946,-0.01591071,-39.2637923
0.138,5.948,-0.016893404,-36.67720804
0.138,5.95,-0.018679972,-34.83002315
0.138,5.952,-0.022729577,-33.03033272
0.138,5.954,-0.019870143,-31.70251808
0.138,5.956,-0.021899207,-30.20135076
0.138,5.958,-0.024465489,-28.84076546
0.138,5.96,-0.029560827,-27.40357275
0.138,5.962,-0.052005131,-26.18774003
0.138,5.964,-0.042687921,-24.71138753
0.138,5.966,-0.054607408,-23.08448434
0.138,5.968,-0.086485397,-21.31980816
0.138,5.97,-0.109750699,-19.34641407
0.138,5.972,-0.184424234,-16.84901235
0.138,5.974,-0.462942851,-13.80472929
0.138,5.976,-0.990091097,-9.561690838
0.138,5.978,-7.241417386,-3.499617514
0.138,5.98,-3.019565236,-5.313569556
0.138,5.982,-0.746827741,-10.77400612
0.138,5.984,-0.278787781,-14.34745846
0.138,5.986,-0.170780381,-17.14319021
0.138,5.988,-0.204094218,-18.2238184
0.138,5.99,-0.075009169,-20.05694129
0.138,5.992,-0.051803808,-21.52891756
0.138,5.994,-0.040879254,-22.7556861
0.138,5.996,-0.048773793,-23.80282199
0.138,5.998,-0.027935477,-24.70069396
0.138,6,-0.023554113,-25.66701578
0.138,6.002,-0.022453806,-26.63655478
0.138,6.004,-0.0279421,-27.70887342
0.138,6.006,-0.060036413,-29.55591923
0.138,6.008,-0.101880288,-28.01370192
0.138,6.01,-0.271259311,-25.1585915
0.138,6.012,-0.035885239,-27.05038925
0.138,6.014,-0.024534513,-28.38473527
0.138,6.016,-0.033865874,-28.39115587
0.138,6.018,-0.019632688,-29.16312784
0.138,6.02,-0.01064216,-29.7398193
0.138,6.022,-0.009427142,-30.29216302
0.138,6.024,-0.015804656,-30.80257712
0.138,6.026,-0.00862278,-31.01046298
0.138,6.028,-0.007950219,-31.45811422
0.138,6.03,-0.006671404,-31.82345742
0.138,6.032,-0.006970074,-32.19729689
0.138,6.034,-0.00590094,-32.5229488
0.138,6.036,-0.005569963,-32.86384178
0.138,6.038,-0.005563949,-33.18421799
0.138,6.04,-0.005158133,-33.49962747
0.138,6.042,-0.005043603,-33.81274217
0.138,6.044,-0.005596686,-34.13552019
0.138,6.046,-0.005191584,-34.34729611
0.138,6.048,-0.004735372,-34.66028698
0.138,6.05,-0.005133945,-34.92131557
0.138,6.052,-0.004432441,-35.21147447
0.138,6.054,-0.004320035,-35.49803445
0.138,6.056,-0.004275884,-35.78446043
0.138,6.058,-0.004462649,-36.08162159
0.138,6.06,-0.004484863,-36.32711673
0.138,6.062,-0.004330461,-36.64741666
0.138,6.064,-0.005547905,-37.01182421
0.138,6.066,-0.005151919,-37.11130766
0.138,6.068,-0.004387291,-37.50086135
0.138,6.07,-0.004801503,-37.88209918
0.138,6.072,-0.005052107,-38.3221769
0.138,6.074,-0.007451427,-38.70923077
0.138,6.076,-0.009098568,-38.79724306
0.138,6.078,-0.006541535,-39.66462824
0.138,6.08,-0.014777982,-40.64462245
0.138,6.082,-0.029719306,-41.78138581
0.138,6.084,-0.014571237,-40.72313569
0.138,6.086,-0.018719255,-44.26110535
0.138,6.088,-0.091458708,-39.2534154
0.138,6.09,-0.065877504,-44.03888603
0.138,6.092,-0.218611327,-33.34279642
0.138,6.094,-0.124527438,-29.27228259
0.138,6.096,-0.028638632,-33.01532612
0.138,6.098,-0.012278378,-34.82946892
0.138,6.1,-0.008247784,-35.89766781
0.1382,5.8,-0.003642813,-37.486848
0.1382,5.802,-0.003820567,-37.36671984
0.1382,5.804,-0.003935903,-37.26003355
0.1382,5.806,-0.003815681,-37.14213228
0.1382,5.808,-0.003721196,-37.02544275
0.1382,5.81,-0.003810491,-36.89650448
0.1382,5.812,-0.003745444,-36.76835306
0.1382,5.814,-0.003872853,-36.63961627
0.1382,5.816,-0.004145969,-36.51189363
0.1382,5.818,-0.004121265,-36.39078251
0.1382,5.82,-0.003915726,-36.24906454
0.1382,5.822,-0.004108657,-36.11049986
0.1382,5.824,-0.004123911,-35.96374643
0.1382,5.826,-0.00412623,-35.81281058
0.1382,5.828,-0.004415386,-35.65156301
0.1382,5.83,-0.005290673,-35.51357655
0.1382,5.832,-0.00476189,-35.38894967
0.1382,5.834,-0.00464939,-35.22168864
0.1382,5.836,-0.004369014,-35.04432985
0.1382,5.838,-0.004470675,-34.85344025
0.1382,5.84,-0.004887637,-34.67177639
0.1382,5.842,-0.005281376,-34.47119754
0.1382,5.844,-0.005266151,-34.25591723
0.1382,5.846,-0.005788603,-34.05129446
0.1382,5.848,-0.011234009,-33.85693298
0.1382,5.85,-0.007021121,-33.6564688
0.1382,5.852,-0.007027095,-33.27453934
0.1382,5.854,-0.009723627,-32.78576613
0.1382,5.856,-0.019875948,-31.95644551
0.1382,5.858,-0.133841409,-31.63194247
0.1382,5.86,-0.023246834,-35.10224116
0.1382,5.862,-0.009925162,-33.87680764
0.1382,5.864,-0.007947218,-33.27365856
0.1382,5.866,-0.007101561,-32.89090709
0.1382,5.868,-0.008099848,-32.50945067
0.1382,5.87,-0.00778646,-32.28474102
0.1382,5.872,-0.006458104,-31.93058329
0.1382,5.874,-0.006546033,-31.5998235
0.1382,5.876,-0.006886778,-31.2751175
0.1382,5.878,-0.007524205,-30.96186961
0.1382,5.88,-0.007900781,-30.6049132
0.1382,5.882,-0.007926562,-30.28568543
0.1382,5.884,-0.008122973,-29.90664689
0.1382,5.886,-0.008655832,-29.51439361
0.1382,5.888,-0.009592463,-29.1049633
0.1382,5.89,-0.010204278,-28.66612523
0.1382,5.892,-0.011227246,-28.20893553
0.1382,5.894,-0.012292696,-27.70026633
0.1382,5.896,-0.014333938,-27.14652384
0.1382,5.898,-0.016094763,-26.57304322
0.1382,5.9,-0.018595179,-25.92599727
0.1382,5.902,-0.022257318,-25.1842999
0.1382,5.904,-0.027260431,-24.361995
0.1382,5.906,-0.033696334,-23.41184623
0.1382,5.908,-0.044316967,-22.29980799
0.1382,5.91,-0.07190437,-20.91650174
0.1382,5.912,-0.096477516,-19.36781421
0.1382,5.914,-0.167558506,-17.1181593
0.1382,5.916,-0.414856817,-13.79147627
0.1382,5.918,-1.754090591,-9.020027485
0.1382,5.92,-5.83345727,-7.806929884
0.1382,5.922,-1.20233537,-13.61275002
0.1382,5.924,-0.642954895,-19.57510803
0.1382,5.926,-0.433134713,-19.1977282
0.1382,5.928,-0.336127622,-19.89251202
0.1382,5.93,-0.09030913,-23.85289022
0.1382,5.932,-0.058653883,-26.67065639
0.1382,5.934,-0.037755533,-29.2294427
0.1382,5.936,-0.029104702,-31.75197929
0.1382,5.938,-0.024105199,-34.41564486
0.1382,5.94,-0.020808,-37.46965167
0.1382,5.942,-0.019003394,-41.39828041
0.1382,5.944,-0.017156517,-47.38032353
0.1382,5.946,-0.01629248,-58.05870187
0.1382,5.948,-0.016168489,-47.76275432
0.1382,5.95,-0.021037622,-42.17005472
0.1382,5.952,-0.016713409,-38.97927506
0.1382,5.954,-0.018413805,-36.29983719
0.1382,5.956,-0.020342972,-34.35995976
0.1382,5.958,-0.02675097,-32.45518001
0.1382,5.96,-0.022908318,-30.99905404
0.1382,5.962,-0.026414565,-29.34987154
0.1382,5.964,-0.030426377,-27.82426537
0.1382,5.966,-0.038946573,-26.1749403
0.1382,5.968,-0.069383991,-24.7985177
0.1382,5.97,-0.063077985,-22.96163466
0.1382,5.972,-0.089485225,-20.91209077
0.1382,5.974,-0.164072668,-18.59343418
0.1382,5.976,-0.255810975,-15.71650099
0.1382,5.978,-0.641024559,-11.66613027
0.1382,5.98,-3.419276625,-6.569194725
0.1382,5.982,-7.603692364,-3.499204811
0.1382,5.984,-0.998510179,-9.520850291
0.1382,5.986,-0.335624536,-13.66714697
0.1382,5.988,-0.190515831,-16.469462
0.1382,5.99,-0.104640936,-18.62736526
0.1382,5.992,-0.082722895,-20.48907919
0.1382,5.994,-0.095926937,-21.19930754
0.1382,5.996,-0.042817407,-22.59754748
0.1382,5.998,-0.032396885,-23.73316064
0.1382,6,-0.027189536,-24.71293923
0.1382,6.002,-0.033641236,-25.53598774
0.1382,6.004,-0.020110291,-26.32118075
0.1382,6.006,-0.017686152,-27.14317414
0.1382,6.008,-0.017501986,-27.98677941
0.1382,6.01,-0.022288714,-28.93926974
0.1382,6.012,-0.05511943,-30.65130055
0.1382,6.014,-0.077754763,-29.31072945
0.1382,6.016,-0.17092539,-26.46105159
0.1382,6.018,-0.026362333,-28.37315686
0.1382,6.02,-0.020414143,-29.53543036
0.1382,6.022,-0.024529412,-29.51595107
0.1382,6.024,-0.015598516,-30.18043685
0.1382,6.026,-0.00895957,-30.72269647
0.1382,6.028,-0.008160555,-31.22274893
0.1382,6.03,-0.014483271,-31.65689912
0.1382,6.032,-0.007420927,-31.87793816
0.1382,6.034,-0.007131063,-32.28211442
0.1382,6.036,-0.005962597,-32.62221122
0.1382,6.038,-0.006348406,-32.96256168
0.1382,6.04,-0.00535021,-33.26917809
0.1382,6.042,-0.005097584,-33.58606739
0.1382,6.044,-0.005081231,-33.88329984
0.1382,6.046,-0.004767003,-34.1799475
0.1382,6.048,-0.004688119,-34.47401499
0.1382,6.05,-0.005337588,-34.77820103
0.1382,6.052,-0.004763741,-34.97794631
0.1382,6.054,-0.0044473,-35.2725951
0.1382,6.056,-0.004694411,-35.51623867
0.1382,6.058,-0.004178489,-35.7938208
0.1382,6.06,-0.004090413,-36.0658369
0.1382,6.062,-0.004061397,-36.33875039
0.1382,6.064,-0.004286647,-36.62326382
0.1382,6.066,-0.004219116,-36.85806131
0.1382,6.068,-0.004142684,-37.16568744
0.1382,6.07,-0.005572294,-37.51776526
0.1382,6.072,-0.004725654,-37.61612039
0.1382,6.074,-0.004194405,-37.98820335
0.1382,6.076,-0.004607989,-38.35232402
0.1382,6.078,-0.004918117,-38.79015648
0.1382,6.08,-0.007034518,-39.17670976
0.1382,6.082,-0.007948821,-39.25549281
0.1382,6.084,-0.006348114,-40.11921067
0.1382,6.086,-0.014770801,-40.95893537
0.1382,6.088,-0.032742747,-41.87849146
0.1382,6.09,-0.013275669,-41.28671266
0.1382,6.092,-0.019407058,-44.92281765
0.1382,6.094,-0.078504923,-39.57036684
0.1382,6.096,-0.071397059,-43.42975739
0.1382,6.098,-0.28327826,-31.55778687
0.1382,6.1,-0.087411506,-30.61241973
0.1384,5.8,-0.003759198,-37.51212631
0.1384,5.802,-0.003810151,-37.39287073
0.1384,5.804,-0.003880704,-37.28405656
0.1384,5.806,-0.003713219,-37.16438276
0.1384,5.808,-0.003905468,-37.03834685
0.1384,5.81,-0.004034522,-36.92631975
0.1384,5.812,-0.003897807,-36.80324097
0.1384,5.814,-0.003805523,-36.68102077
0.1384,5.816,-0.003898866,-36.54522165
0.1384,5.818,-0.003828503,-36.41125352
0.1384,5.82,-0.003977686,-36.27573874
0.1384,5.822,-0.004281333,-36.14080915
0.1384,5.824,-0.004266563,-36.01346384
0.1384,5.826,-0.004027627,-35.86503884
0.1384,5.828,-0.004246906,-35.71814386
0.1384,5.83,-0.00426602,-35.56331945
0.1384,5.832,-0.004271258,-35.40456582
0.1384,5.834,-0.004582271,-35.23395665
0.1384,5.836,-0.00553793,-35.08604371
0.1384,5.838,-0.005023505,-34.95558422
0.1384,5.84,-0.004864794,-34.77822131
0.1384,5.842,-0.004563059,-34.59013455
0.1384,5.844,-0.00467466,-34.38710675
0.1384,5.846,-0.005165898,-34.19316419
0.1384,5.848,-0.005630869,-33.97960624
0.1384,5.85,-0.00561242,-33.74863772
0.1384,5.852,-0.006214066,-33.52986042
0.1384,5.854,-0.012413256,-33.32809902
0.1384,5.856,-0.007601021,-33.10522536
0.1384,5.858,-0.007712623,-32.69237551
0.1384,5.86,-0.010950504,-32.16144045
0.1384,5.862,-0.023385369,-31.25135653
0.1384,5.864,-0.156916298,-31.06505904
0.1384,5.866,-0.025364578,-34.64320388
0.1384,5.868,-0.010895681,-33.34264605
0.1384,5.87,-0.008737107,-32.69505656
0.1384,5.872,-0.007790375,-32.28236133
0.1384,5.874,-0.009059783,-31.87031859
0.1384,5.876,-0.008609906,-31.62464112
0.1384,5.878,-0.00713845,-31.23831484
0.1384,5.88,-0.007279528,-30.87617278
0.1384,5.882,-0.00772869,-30.51927613
0.1384,5.884,-0.008534404,-30.17401958
0.1384,5.886,-0.009073888,-29.77830884
0.1384,5.888,-0.009119001,-29.42283431
0.1384,5.89,-0.009441325,-28.9991429
0.1384,5.892,-0.010190153,-28.5581646
0.1384,5.894,-0.011467323,-28.09543808
0.1384,5.896,-0.012401273,-27.59530985
0.1384,5.898,-0.013874457,-27.07091307
0.1384,5.9,-0.015527979,-26.48245611
0.1384,5.902,-0.018656853,-25.83536765
0.1384,5.904,-0.021442997,-25.15745301
0.1384,5.906,-0.025592617,-24.38246261
0.1384,5.908,-0.032077007,-23.48023238
0.1384,5.91,-0.041305785,-22.4585566
0.1384,5.912,-0.054503682,-21.24469046
0.1384,5.914,-0.078274056,-19.77499107
0.1384,5.916,-0.14794765,-17.87185713
0.1384,5.918,-0.233761126,-15.55815148
0.1384,5.92,-0.591740149,-11.84780456
0.1384,5.922,-3.792848708,-5.791454439
0.1384,5.924,-4.268546229,-6.314904082
0.1384,5.926,-1.031504027,-13.31993582
0.1384,5.928,-0.423639256,-18.02421431
0.1384,5.93,-0.394357094,-22.06438732
0.1384,5.932,-0.230013602,-22.0348629
0.1384,5.934,-0.173769601,-22.53805472
0.1384,5.936,-0.060139898,-25.71177466
0.1384,5.938,-0.043457385,-28.08850469
0.1384,5.94,-0.030267866,-30.34814012
0.1384,5.942,-0.024644978,-32.64517287
0.1384,5.944,-0.021293651,-35.13305497
0.1384,5.946,-0.019023446,-38.04894702
0.1384,5.948,-0.017947884,-41.87247612
0.1384,5.95,-0.016556489,-47.83900687
0.1384,5.952,-0.016110819,-58.13871588
0.1384,5.954,-0.016373839,-47.54678579
0.1384,5.956,-0.021875912,-42.0092823
0.1384,5.958,-0.01761334,-38.68253298
0.1384,5.96,-0.020226438,-35.90374716
0.1384,5.962,-0.022351084,-33.85639977
0.1384,5.964,-0.031782839,-31.84698427
0.1384,5.966,-0.026888873,-30.22695782
0.1384,5.968,-0.032719635,-28.39805663
0.1384,5.97,-0.039241808,-26.66285277
0.1384,5.972,-0.054170104,-24.73144432
0.1384,5.974,-0.098422205,-23.11796723
0.1384,5.976,-0.104261732,-20.75451299
0.1384,5.978,-0.175763041,-17.99983165
0.1384,5.98,-0.420384383,-14.64454726
0.1384,5.982,-1.133821842,-9.67577672
0.1384,5.984,-13.27810417,-3.280954293
0.1384,5.986,-2.282168164,-7.869657274
0.1384,5.988,-0.492510097,-12.41568055
0.1384,5.99,-0.219350867,-15.795485
0.1384,5.992,-0.118200136,-18.19279225
0.1384,5.994,-0.084507588,-19.99398036
0.1384,5.996,-0.055084395,-21.53239188
0.1384,5.998,-0.050137026,-22.93334985
0.1384,6,-0.054307352,-23.46008378
0.1384,6.002,-0.028036204,-24.58259333
0.1384,6.004,-0.022538064,-25.50826382
0.1384,6.006,-0.019716459,-26.32591292
0.1384,6.008,-0.024381017,-26.99747224
0.1384,6.01,-0.015399227,-27.70022672
0.1384,6.012,-0.013977938,-28.41770201
0.1384,6.014,-0.014243986,-29.1680483
0.1384,6.016,-0.018444285,-30.0333189
0.1384,6.018,-0.052464633,-31.62273286
0.1384,6.02,-0.063081993,-30.46819474
0.1384,6.022,-0.109353321,-27.76354247
0.1384,6.024,-0.020281392,-29.53183909
0.1384,6.026,-0.017657,-30.56260177
0.1384,6.028,-0.018545357,-30.52883632
0.1384,6.03,-0.012531406,-31.10614243
0.1384,6.032,-0.007734925,-31.61452699
0.1384,6.034,-0.007218841,-32.07212617
0.1384,6.036,-0.013187656,-32.4304848
0.1384,6.038,-0.006528356,-32.67461727
0.1384,6.04,-0.006464384,-33.04084283
0.1384,6.042,-0.005413104,-33.36135294
0.1384,6.044,-0.005812937,-33.6718651
0.1384,6.046,-0.004914904,-33.96362634
0.1384,6.048,-0.004719878,-34.25998087
0.1384,6.05,-0.00468785,-34.53776327
0.1384,6.052,-0.004449525,-34.8176905
0.1384,6.054,-0.00439805,-35.0952851
0.1384,6.056,-0.005152358,-35.38202186
0.1384,6.058,-0.004425003,-35.57237595
0.1384,6.06,-0.004210851,-35.85100924
0.1384,6.062,-0.004342509,-36.08065629
0.1384,6.064,-0.003965751,-36.34573696
0.1384,6.066,-0.003896377,-36.6049042
0.1384,6.068,-0.003879463,-36.8658647
0.1384,6.07,-0.00414785,-37.13892587
0.1384,6.072,-0.00400148,-37.36446007
0.1384,6.074,-0.003983453,-37.660905
0.1384,6.076,-0.005669676,-37.99790335
0.1384,6.078,-0.004395721,-38.09898141
0.1384,6.08,-0.004029063,-38.45558856
0.1384,6.082,-0.0044117,-38.80462285
0.1384,6.084,-0.004817379,-39.24110356
0.1384,6.086,-0.006791682,-39.63139008
0.1384,6.088,-0.007077195,-39.70387967
0.1384,6.09,-0.00619865,-40.56059027
0.1384,6.092,-0.014128686,-41.26590231
0.1384,6.094,-0.035277555,-41.79368827
0.1384,6.096,-0.012301631,-41.83369219
0.1384,6.098,-0.020388423,-45.58569262
0.1384,6.1,-0.065495193,-40.16282857
0.1386,5.8,-0.004207474,-37.5545605
0.1386,5.802,-0.003667659,-37.43398974
0.1386,5.804,-0.003780141,-37.30258974
0.1386,5.806,-0.003841818,-37.19015559
0.1386,5.808,-0.003891363,-37.06567261
0.1386,5.81,-0.00397718,-36.9515976
0.1386,5.812,-0.003794967,-36.82690092
0.1386,5.814,-0.00400401,-36.69439346
0.1386,5.816,-0.004146997,-36.57658943
0.1386,5.818,-0.003993466,-36.44788601
0.1386,5.82,-0.003903576,-36.31957388
0.1386,5.822,-0.004000346,-36.17628294
0.1386,5.824,-0.00392577,-36.03592824
0.1386,5.826,-0.004100339,-35.89290073
0.1386,5.828,-0.0044383,-35.75000555
0.1386,5.83,-0.004435126,-35.61573965
0.1386,5.832,-0.004159582,-35.46002497
0.1386,5.834,-0.004408725,-35.30394306
0.1386,5.836,-0.004432313,-35.14012265
0.1386,5.838,-0.004443221,-34.97266977
0.1386,5.84,-0.004779531,-34.79163517
0.1386,5.842,-0.00583449,-34.63310324
0.1386,5.844,-0.00533544,-34.49566114
0.1386,5.846,-0.005120437,-34.30718599
0.1386,5.848,-0.004796329,-34.1069281
0.1386,5.85,-0.004920477,-33.89021433
0.1386,5.852,-0.005503289,-33.6823923
0.1386,5.854,-0.006056834,-33.45420653
0.1386,5.856,-0.006036508,-33.20530469
0.1386,5.858,-0.006736004,-32.97036268
0.1386,5.86,-0.013847449,-32.76051483
0.1386,5.862,-0.008315775,-32.51146106
0.1386,5.864,-0.008575184,-32.06289653
0.1386,5.866,-0.012521753,-31.48268137
0.1386,5.868,-0.028036614,-30.47688494
0.1386,5.87,-0.184742164,-30.48807636
0.1386,5.872,-0.027865208,-34.15406544
0.1386,5.874,-0.012083168,-32.76842803
0.1386,5.876,-0.009725805,-32.06968809
0.1386,5.878,-0.008660029,-31.62217152
0.1386,5.88,-0.010292334,-31.17454803
0.1386,5.882,-0.009666543,-30.90386063
0.1386,5.884,-0.008025745,-30.47935171
0.1386,5.886,-0.008248016,-30.07962925
0.1386,5.888,-0.008854567,-29.68387128
0.1386,5.89,-0.009899986,-29.29967538
0.1386,5.892,-0.010690253,-28.85640524
0.1386,5.894,-0.010777769,-28.45593573
0.1386,5.896,-0.011308739,-27.97629731
0.1386,5.898,-0.012405617,-27.47353036
0.1386,5.9,-0.014228717,-26.94231159
0.1386,5.902,-0.015723782,-26.36224914
0.1386,5.904,-0.017983404,-25.74868738
0.1386,5.906,-0.020719347,-25.05231479
0.1386,5.908,-0.025889671,-24.27612153
0.1386,5.91,-0.030768056,-23.44962783
0.1386,5.912,-0.038479687,-22.48683266
0.1386,5.914,-0.051535895,-21.33983105
0.1386,5.916,-0.071793311,-19.99792812
0.1386,5.918,-0.105880447,-18.33110748
0.1386,5.92,-0.1792703,-16.18911398
0.1386,5.922,-0.457468662,-13.20951439
0.1386,5.924,-1.187582999,-8.962736327
0.1386,5.926,-14.41088726,-3.091297475
0.1386,5.928,-1.615593907,-8.610254203
0.1386,5.93,-0.502403166,-13.97040904
0.1386,5.932,-0.339502124,-17.81832258
0.1386,5.934,-0.215119382,-21.11314542
0.1386,5.936,-0.276322856,-23.996534
0.1386,5.938,-0.144562963,-24.23995208
0.1386,5.94,-0.103878738,-24.63087913
0.1386,5.942,-0.043197194,-27.26285513
0.1386,5.944,-0.033688997,-29.32298653
0.1386,5.946,-0.024966191,-31.3519832
0.1386,5.948,-0.021247295,-33.46635537
0.1386,5.95,-0.019019573,-35.80619934
0.1386,5.952,-0.017507844,-38.60255248
0.1386,5.954,-0.017009079,-42.33234135
0.1386,5.956,-0.016010844,-48.29710564
0.1386,5.958,-0.015949478,-58.14695077
0.1386,5.96,-0.01660303,-47.32721907
0.1386,5.962,-0.022621806,-41.84873812
0.1386,5.964,-0.018626259,-38.37258316
0.1386,5.966,-0.022394346,-35.48869715
0.1386,5.968,-0.024815148,-33.31516391
0.1386,5.97,-0.037926771,-31.20290748
0.1386,5.972,-0.032238331,-29.37223239
0.1386,5.974,-0.041877849,-27.32083945
0.1386,5.976,-0.053063526,-25.3107343
0.1386,5.978,-0.081220738,-22.9866805
0.1386,5.98,-0.154333202,-21.0050937
0.1386,5.982,-0.207823166,-17.78503592
0.1386,5.984,-0.495894581,-13.6519781
0.1386,5.986,-2.354746798,-8.078920615
0.1386,5.988,-7.715275195,-4.118152679
0.1386,5.99,-0.865645517,-10.56188674
0.1386,5.992,-0.388939674,-14.67592409
0.1386,5.994,-0.15216738,-17.4262546
0.1386,5.996,-0.093178965,-19.54113574
0.1386,5.998,-0.060415034,-21.21084136
0.1386,6,-0.047654597,-22.53456517
0.1386,6.002,-0.034462458,-23.73195647
0.1386,6.004,-0.03464072,-24.86092688
0.1386,6.006,-0.034641187,-25.28000174
0.1386,6.008,-0.02006321,-26.21390528
0.1386,6.01,-0.016857981,-26.99636981
0.1386,6.012,-0.015198188,-27.69966185
0.1386,6.014,-0.018341286,-28.26553803
0.1386,6.016,-0.012344754,-28.90207612
0.1386,6.018,-0.011485075,-29.54057975
0.1386,6.02,-0.011988078,-30.21940394
0.1386,6.022,-0.01574891,-31.019545
0.1386,6.024,-0.051455075,-32.47929483
0.1386,6.026,-0.054028363,-31.5093937
0.1386,6.028,-0.072486244,-28.98286818
0.1386,6.03,-0.016191205,-30.56371447
0.1386,6.032,-0.01578819,-31.49073296
0.1386,6.034,-0.014572652,-31.44865699
0.1386,6.036,-0.010247644,-31.95716365
0.1386,6.038,-0.00681651,-32.43156247
0.1386,6.04,-0.006501605,-32.85412697
0.1386,6.042,-0.011774089,-33.14072149
0.1386,6.044,-0.005848385,-33.41185143
0.1386,6.046,-0.005888885,-33.74488425
0.1386,6.048,-0.004978538,-34.0497596
0.1386,6.05,-0.005331798,-34.33418432
0.1386,6.052,-0.004564556,-34.6135462
0.1386,6.054,-0.004413069,-34.89214973
0.1386,6.056,-0.004367836,-35.15340031
0.1386,6.058,-0.004188013,-35.41833723
0.1386,6.06,-0.004158294,-35.68157335
0.1386,6.062,-0.005021889,-35.95075629
0.1386,6.064,-0.004151756,-36.13490062
0.1386,6.066,-0.004015417,-36.399481
0.1386,6.068,-0.004062043,-36.61745148
0.1386,6.07,-0.003785508,-36.87061389
0.1386,6.072,-0.003730714,-37.11836053
0.1386,6.074,-0.003723712,-37.36869414
0.1386,6.076,-0.004041189,-37.63101359
0.1386,6.078,-0.003820478,-37.84876175
0.1386,6.08,-0.003847923,-38.13539401
0.1386,6.082,-0.005822031,-38.45092294
0.1386,6.084,-0.00413456,-38.56190614
0.1386,6.086,-0.003886435,-38.90491479
0.1386,6.088,-0.004223002,-39.24152724
0.1386,6.09,-0.004748848,-39.67646217
0.1386,6.092,-0.006703275,-40.0720514
0.1386,6.094,-0.006414813,-40.14021305
0.1386,6.096,-0.00609013,-40.99020677
0.1386,6.098,-0.013058184,-41.60168362
0.1386,6.1,-0.036135446,-41.60426858
0.1388,5.8,-0.00531756,-37.7178051
0.1388,5.802,-0.003968668,-37.51046025
0.1388,5.804,-0.003767688,-37.35594767
0.1388,5.806,-0.004325393,-37.23329139
0.1388,5.808,-0.00373777,-37.1090982
0.1388,5.81,-0.003853159,-36.97131469
0.1388,5.812,-0.003935765,-36.85318306
0.1388,5.814,-0.00398482,-36.72307244
0.1388,5.816,-0.004088393,-36.60320401
0.1388,5.818,-0.003890174,-36.47303468
0.1388,5.82,-0.004118519,-36.33340915
0.1388,5.822,-0.004275877,-36.20936425
0.1388,5.824,-0.004105277,-36.07448679
0.1388,5.826,-0.004018066,-35.93945302
0.1388,5.828,-0.004117569,-35.78795638
0.1388,5.83,-0.004040215,-35.64054377
0.1388,5.832,-0.004244371,-35.48915332
0.1388,5.834,-0.004620844,-35.33742851
0.1388,5.836,-0.004631259,-35.19545594
0.1388,5.838,-0.004316073,-35.03175043
0.1388,5.84,-0.004599982,-34.86548156
0.1388,5.842,-0.004628184,-34.69159329
0.1388,5.844,-0.004648517,-34.51440386
0.1388,5.846,-0.005014259,-34.32171372
0.1388,5.848,-0.006194745,-34.15159531
0.1388,5.85,-0.005710779,-34.00595735
0.1388,5.852,-0.00542763,-33.8051541
0.1388,5.854,-0.005079576,-33.590989
0.1388,5.856,-0.005219787,-33.35873132
0.1388,5.858,-0.005916987,-33.13510083
0.1388,5.86,-0.006582118,-32.89029856
0.1388,5.862,-0.006562681,-32.62072003
0.1388,5.864,-0.007385189,-32.3671485
0.1388,5.866,-0.015615702,-32.14835416
0.1388,5.868,-0.009210696,-31.86846535
0.1388,5.87,-0.009679653,-31.37819447
0.1388,5.872,-0.014575749,-30.73966859
0.1388,5.874,-0.034367718,-29.61887408
0.1388,5.876,-0.217924053,-29.9111753
0.1388,5.878,-0.0308518,-33.63096806
0.1388,5.88,-0.013557929,-32.14805506
0.1388,5.882,-0.01098521,-31.38979207
0.1388,5.884,-0.009779325,-30.90127061
0.1388,5.886,-0.011908039,-30.41169678
0.1388,5.888,-0.011053697,-30.11074163
0.1388,5.89,-0.009212284,-29.64016642
0.1388,5.892,-0.009562493,-29.19463894
0.1388,5.894,-0.010406503,-28.75105091
0.1388,5.896,-0.011808292,-28.31847098
0.1388,5.898,-0.013001163,-27.81547082
0.1388,5.9,-0.013180693,-27.35768675
0.1388,5.902,-0.014076526,-26.80592881
0.1388,5.904,-0.015771885,-26.22228
0.1388,5.906,-0.01853741,-25.59984445
0.1388,5.908,-0.021091167,-24.91123816
0.1388,5.91,-0.024864467,-24.17378879
0.1388,5.912,-0.029825137,-23.32344407
0.1388,5.914,-0.039349005,-22.35720443
0.1388,5.916,-0.049252009,-21.30292749
0.1388,5.918,-0.066316932,-20.03840655
0.1388,5.92,-0.098915275,-18.47383149
0.1388,5.922,-0.159283667,-16.53781361
0.1388,5.924,-0.296934023,-13.92797967
0.1388,5.926,-0.769801279,-10.14875181
0.1388,5.928,-5.12440965,-4.920051701
0.1388,5.93,-4.700906522,-4.581879627
0.1388,5.932,-0.760801139,-10.93536369
0.1388,5.934,-0.297046686,-15.45037236
0.1388,5.936,-0.174855157,-18.49893077
0.1388,5.938,-0.160397998,-20.9488179
0.1388,5.94,-0.131431787,-23.43836229
0.1388,5.942,-0.209706298,-25.52947601
0.1388,5.944,-0.101373395,-26.03055601
0.1388,5.946,-0.068421881,-26.35160961
0.1388,5.948,-0.032756862,-28.5949567
0.1388,5.95,-0.027043412,-30.41735677
0.1388,5.952,-0.021073552,-32.26343466
0.1388,5.954,-0.018597874,-34.22712695
0.1388,5.956,-0.017153404,-36.44094841
0.1388,5.958,-0.016209667,-39.13326437
0.1388,5.96,-0.01616255,-42.7792949
0.1388,5.962,-0.015513836,-48.75545823
0.1388,5.964,-0.01580748,-58.08555981
0.1388,5.966,-0.01685828,-47.1038514
0.1388,5.968,-0.023262053,-41.6831751
0.1388,5.97,-0.019771418,-38.04832017
0.1388,5.972,-0.024971106,-35.05501947
0.1388,5.974,-0.027884823,-32.73124184
0.1388,5.976,-0.045233599,-30.51495953
0.1388,5.978,-0.039656498,-28.41617955
0.1388,5.98,-0.055855205,-26.08267517
0.1388,5.982,-0.076521924,-23.69681191
0.1388,5.984,-0.136170851,-20.79111306
0.1388,5.986,-0.287147002,-18.19458285
0.1388,5.988,-0.604766305,-13.33682867
0.1388,5.99,-3.914205424,-6.2664062
0.1388,5.992,-3.56775691,-6.808052018
0.1388,5.994,-0.56391027,-12.50771503
0.1388,5.996,-0.21695593,-16.3422793
0.1388,5.998,-0.148113211,-18.74862318
0.1388,6,-0.073389677,-20.66107156
0.1388,6.002,-0.051664708,-22.19181698
0.1388,6.004,-0.037133376,-23.4742905
0.1388,6.006,-0.030819038,-24.52239795
0.1388,6.008,-0.023966857,-25.50440068
0.1388,6.01,-0.026127787,-26.45427699
0.1388,6.012,-0.024045885,-26.8028724
0.1388,6.014,-0.015284618,-27.6005023
0.1388,6.016,-0.01329143,-28.27916328
0.1388,6.018,-0.012261869,-28.89762342
0.1388,6.02,-0.014268334,-29.38800805
0.1388,6.022,-0.010250729,-29.9684225
0.1388,6.024,-0.009728225,-30.54530886
0.1388,6.026,-0.010363958,-31.16781492
0.1388,6.028,-0.013809748,-31.91838574
0.1388,6.03,-0.051639498,-33.21946393
0.1388,6.032,-0.048563093,-32.45097367
0.1388,6.034,-0.050038942,-30.09700101
0.1388,6.036,-0.013325617,-31.49477992
0.1388,6.038,-0.01453582,-32.33711406
0.1388,6.04,-0.011849303,-32.29055456
0.1388,6.042,-0.008570142,-32.74460515
0.1388,6.044,-0.006110378,-33.18608406
0.1388,6.046,-0.005944909,-33.57935379
0.1388,6.048,-0.010263356,-33.80449574
0.1388,6.05,-0.00531907,-34.09848796
0.1388,6.052,-0.005378585,-34.40306681
0.1388,6.054,-0.004629002,-34.69447939
0.1388,6.056,-0.004901084,-34.95685927
0.1388,6.058,-0.00427811,-35.22478047
0.1388,6.06,-0.004160475,-35.48789983
0.1388,6.062,-0.004106161,-35.7348845
0.1388,6.064,-0.003969787,-35.98638672
0.1388,6.066,-0.003957934,-36.23702552
0.1388,6.068,-0.004920875,-36.48721222
0.1388,6.07,-0.00392767,-36.66913393
0.1388,6.072,-0.003853361,-36.92130736
0.1388,6.074,-0.003836512,-37.1292213
0.1388,6.076,-0.003631231,-37.37131592
0.1388,6.078,-0.003587953,-37.60885706
0.1388,6.08,-0.003589286,-37.84970289
0.1388,6.082,-0.00396137,-38.10137767
0.1388,6.084,-0.003667853,-38.31309777
0.1388,6.086,-0.003732451,-38.59116358
0.1388,6.088,-0.005974415,-38.87439562
0.1388,6.09,-0.003923557,-39.00672698
0.1388,6.092,-0.003762823,-39.33783403
0.1388,6.094,-0.004052755,-39.66461035
0.1388,6.096,-0.004712822,-40.09734117
0.1388,6.098,-0.006756763,-40.49743513
0.1388,6.1,-0.005906213,-40.56391159
0.139,5.8,-0.00418717,-37.38187172
0.139,5.802,-0.006756687,-37.15646911
0.139,5.804,-0.010185211,-37.35709935
0.139,5.806,-0.00552963,-37.40495179
0.139,5.808,-0.004058199,-37.18901137
0.139,5.81,-0.003845172,-37.02772961
0.139,5.812,-0.004457186,-36.89713849
0.139,5.814,-0.00381869,-36.76898667
0.139,5.816,-0.003937589,-36.62427219
0.139,5.818,-0.004042904,-36.49986181
0.139,5.82,-0.004092936,-36.36364981
0.139,5.822,-0.004216949,-36.23737907
0.139,5.824,-0.004001464,-36.10122365
0.139,5.826,-0.004251851,-35.95373904
0.139,5.828,-0.004424542,-35.82294995
0.139,5.83,-0.004236492,-35.68123117
0.139,5.832,-0.004152437,-35.53876156
0.139,5.834,-0.004253949,-35.37824225
0.139,5.836,-0.00417563,-35.22297988
0.139,5.838,-0.004414268,-35.06223947
0.139,5.84,-0.004834076,-34.90069934
0.139,5.842,-0.004860515,-34.75011164
0.139,5.844,-0.004502891,-34.57755833
0.139,5.846,-0.004828233,-34.3999132
0.139,5.848,-0.004860626,-34.21471903
0.139,5.85,-0.004895653,-34.02655517
0.139,5.852,-0.005296193,-33.82077106
0.139,5.854,-0.006637373,-33.63775849
0.139,5.856,-0.006167396,-33.48262504
0.139,5.858,-0.005801907,-33.26801048
0.139,5.86,-0.005427489,-33.03783723
0.139,5.862,-0.005588618,-32.78777927
0.139,5.864,-0.006430855,-32.54598712
0.139,5.866,-0.00723871,-32.28213702
0.139,5.868,-0.0072254,-31.98848388
0.139,5.87,-0.008205704,-31.71321581
0.139,5.872,-0.017831085,-31.48438264
0.139,5.874,-0.010351972,-31.16781715
0.139,5.876,-0.011123365,-30.62821443
0.139,5.878,-0.017327301,-29.91968863
0.139,5.88,-0.043269228,-28.65846487
0.139,5.882,-0.256652409,-29.34992257
0.139,5.884,-0.03446485,-33.06927848
0.139,5.886,-0.015421387,-31.47393521
0.139,5.888,-0.012622805,-30.64551726
0.139,5.89,-0.011253251,-30.10799149
0.139,5.892,-0.01407939,-29.56815899
0.139,5.894,-0.012925586,-29.22993141
0.139,5.896,-0.010848277,-28.70267526
0.139,5.898,-0.011408225,-28.2001023
0.139,5.9,-0.012628034,-27.6962276
0.139,5.902,-0.014588782,-27.20192603
0.139,5.904,-0.016464156,-26.62169617
0.139,5.906,-0.016848448,-26.08846667
0.139,5.908,-0.018429716,-25.44026723
0.139,5.91,-0.021246183,-24.74624488
0.139,5.912,-0.02580852,-23.9964158
0.139,5.914,-0.030595106,-23.15208806
0.139,5.916,-0.037707941,-22.23107409
0.139,5.918,-0.048041222,-21.14359344
0.139,5.92,-0.06884625,-19.87064754
0.139,5.922,-0.094344713,-18.4247531
0.139,5.924,-0.145593204,-16.59986316
0.139,5.926,-0.26996119,-14.17450115
0.139,5.928,-0.625125877,-10.81992271
0.139,5.93,-2.577189924,-5.638055881
0.139,5.932,-9.488331904,-2.808738639
0.139,5.934,-1.34607728,-9.205013752
0.139,5.936,-0.405413285,-13.35379702
0.139,5.938,-0.191944292,-16.73259919
0.139,5.94,-0.120110567,-19.44525956
0.139,5.942,-0.088688843,-21.54092876
0.139,5.944,-0.091130926,-23.31830216
0.139,5.946,-0.089205431,-25.29724092
0.139,5.948,-0.16598138,-26.77990058
0.139,5.95,-0.076782146,-27.53332947
0.139,5.952,-0.048297854,-27.81027219
0.139,5.954,-0.025876384,-29.76363734
0.139,5.956,-0.022319418,-31.40132355
0.139,5.958,-0.018129889,-33.09902031
0.139,5.96,-0.01649091,-34.93653759
0.139,5.962,-0.015602681,-37.04210975
0.139,5.964,-0.015089224,-39.6434775
0.139,5.966,-0.015388177,-43.21506809
0.139,5.968,-0.015060519,-49.21490044
0.139,5.97,-0.015683956,-57.95938088
0.139,5.972,-0.017142144,-46.87646103
0.139,5.974,-0.023808514,-41.50685249
0.139,5.976,-0.021072526,-37.70849601
0.139,5.978,-0.027973101,-34.60288955
0.139,5.98,-0.031769185,-32.0984483
0.139,5.982,-0.053841935,-29.7669967
0.139,5.984,-0.050355936,-27.33307167
0.139,5.986,-0.078603256,-24.63084138
0.139,5.988,-0.121114271,-21.70249989
0.139,5.99,-0.274613793,-17.85650761
0.139,5.992,-0.7441657,-14.12252563
0.139,5.994,-5.036888013,-6.126316183
0.139,5.996,-2.012171273,-8.356805848
0.139,5.998,-0.494712911,-13.96842419
0.139,6,-0.175861098,-17.45240917
0.139,6.002,-0.09672597,-19.90678831
0.139,6.004,-0.076508701,-21.5784377
0.139,6.006,-0.043579813,-23.04472649
0.139,6.008,-0.033139215,-24.24453286
0.139,6.01,-0.025507845,-25.28751881
0.139,6.012,-0.021812393,-26.1571149
0.139,6.014,-0.017911144,-26.99092529
0.139,6.016,-0.021009861,-27.8136145
0.139,6.018,-0.017786487,-28.11273985
0.139,6.02,-0.012198951,-28.80784685
0.139,6.022,-0.010907349,-29.40785625
0.139,6.024,-0.010248626,-29.96101409
0.139,6.026,-0.011461416,-30.39596616
0.139,6.028,-0.008751394,-30.92786189
0.139,6.03,-0.008443112,-31.45543557
0.139,6.032,-0.009158996,-32.03268119
0.139,6.034,-0.012385047,-32.74512777
0.139,6.036,-0.052527351,-33.83423254
0.139,6.038,-0.045570764,-33.302512
0.139,6.04,-0.035937419,-31.10894761
0.139,6.042,-0.011251189,-32.34386489
0.139,6.044,-0.013734861,-33.11392994
0.139,6.046,-0.009928673,-33.06665789
0.139,6.048,-0.007337752,-33.4767963
0.139,6.05,-0.005555902,-33.88759826
0.139,6.052,-0.005506615,-34.25611203
0.139,6.054,-0.008794802,-34.43450223
0.139,6.056,-0.004899366,-34.74155508
0.139,6.058,-0.00493188,-35.02238359
0.139,6.06,-0.004343793,-35.30120177
0.139,6.062,-0.004527973,-35.5454195
0.139,6.064,-0.004040638,-35.80210544
0.139,6.066,-0.003950142,-36.05160879
0.139,6.068,-0.003889987,-36.28610794
0.139,6.07,-0.003785567,-36.52557786
0.139,6.072,-0.003788947,-36.76510519
0.139,6.074,-0.004813341,-36.99390705
0.139,6.076,-0.003741206,-37.17812714
0.139,6.078,-0.00371918,-37.41925453
0.139,6.08,-0.003652443,-37.61832292
0.139,6.082,-0.003497952,-37.85028467
0.139,6.084,-0.003463881,-38.07866313
0.139,6.086,-0.003472435,-38.311009
0.139,6.088,-0.003900327,-38.55137555
0.139,6.09,-0.003537585,-38.75932752
0.139,6.092,-0.003634332,-39.02996352
0.139,6.094,-0.006020233,-39.26787444
0.139,6.096,-0.003749927,-39.43508065
0.139,6.098,-0.003655397,-39.7557926
0.139,6.1,-0.003905558,-40.07481807
0.1392,5.8,-0.003585397,-37.48524482
0.1392,5.802,-0.003659987,-37.35472997
0.1392,5.804,-0.003843312,-37.21358367
0.1392,5.806,-0.004309477,-37.05345376
0.1392,5.808,-0.007132912,-36.81607465
0.1392,5.81,-0.010794388,-37.0364295
0.1392,5.812,-0.005768389,-37.07782519
0.1392,5.814,-0.004160308,-36.85267046
0.1392,5.816,-0.00393465,-36.68398063
0.1392,5.818,-0.004605326,-36.54477903
0.1392,5.82,-0.003912435,-36.41226202
0.1392,5.822,-0.004035545,-36.25998874
0.1392,5.824,-0.004165615,-36.12865819
0.1392,5.826,-0.004218694,-35.98578
0.1392,5.828,-0.00436605,-35.85241347
0.1392,5.83,-0.004132114,-35.70967736
0.1392,5.832,-0.004407562,-35.5534833
0.1392,5.834,-0.004597466,-35.4153891
0.1392,5.836,-0.004391217,-35.26602748
0.1392,5.838,-0.004311118,-35.11530244
0.1392,5.84,-0.004413934,-34.94481439
0.1392,5.842,-0.004336914,-34.78076618
0.1392,5.844,-0.004615812,-34.60952487
0.1392,5.846,-0.005084758,-34.43703746
0.1392,5.848,-0.005130276,-34.27677596
0.1392,5.85,-0.004727646,-34.09431576
0.1392,5.852,-0.005103251,-33.90386092
0.1392,5.854,-0.005138957,-33.70592664
0.1392,5.856,-0.005196051,-33.50528824
0.1392,5.858,-0.005638799,-33.28470208
0.1392,5.86,-0.007187235,-33.08707038
0.1392,5.862,-0.006730071,-32.92101657
0.1392,5.864,-0.006264932,-32.69075591
0.1392,5.866,-0.005860556,-32.44201337
0.1392,5.868,-0.006049498,-32.17137828
0.1392,5.87,-0.007078825,-31.90851325
0.1392,5.872,-0.008072497,-31.62259647
0.1392,5.874,-0.008074903,-31.30059384
0.1392,5.876,-0.009262478,-30.9997473
0.1392,5.878,-0.02065993,-30.75946872
0.1392,5.88,-0.011839404,-30.39875057
0.1392,5.882,-0.013057673,-29.79990173
0.1392,5.884,-0.021124186,-29.00588085
0.1392,5.886,-0.056298068,-27.56982178
0.1392,5.888,-0.300214772,-28.82655286
0.1392,5.89,-0.038899862,-32.46336872
0.1392,5.892,-0.017824233,-30.73645406
0.1392,5.894,-0.014805056,-29.82409968
0.1392,5.896,-0.013248476,-29.22696962
0.1392,5.898,-0.017087677,-28.62574681
0.1392,5.9,-0.015538558,-28.24063964
0.1392,5.902,-0.013191666,-27.64193605
0.1392,5.904,-0.014113474,-27.06638578
0.1392,5.906,-0.015965236,-26.48420805
0.1392,5.908,-0.018865198,-25.9084832
0.1392,5.91,-0.02198466,-25.2245602
0.1392,5.912,-0.02285222,-24.58763078
0.1392,5.914,-0.025854523,-23.80396817
0.1392,5.916,-0.031035329,-22.95050748
0.1392,5.918,-0.039541166,-22.01053039
0.1392,5.92,-0.049881798,-20.92440604
0.1392,5.922,-0.066060672,-19.70413089
0.1392,5.924,-0.09320096,-18.20567566
0.1392,5.926,-0.154888569,-16.35866788
0.1392,5.928,-0.258149663,-14.09447618
0.1392,5.93,-0.560818708,-10.92283681
0.1392,5.932,-2.111570375,-6.13122214
0.1392,5.934,-18.34317187,-2.181617485
0.1392,5.936,-1.518028113,-7.503282711
0.1392,5.938,-0.465392154,-12.2920083
0.1392,5.94,-0.276592604,-15.7033359
0.1392,5.942,-0.134167697,-18.12382231
0.1392,5.944,-0.085996247,-20.29221537
0.1392,5.946,-0.065606157,-22.22316821
0.1392,5.948,-0.054247081,-23.8246327
0.1392,5.95,-0.058078711,-25.22177911
0.1392,5.952,-0.064638927,-26.84851368
0.1392,5.954,-0.133271039,-27.83976787
0.1392,5.956,-0.061595033,-28.82482961
0.1392,5.958,-0.035916253,-29.07602013
0.1392,5.96,-0.021105274,-30.80585118
0.1392,5.962,-0.018841816,-32.29613811
0.1392,5.964,-0.01584874,-33.87124395
0.1392,5.966,-0.01478687,-35.60178141
0.1392,5.968,-0.014299917,-37.6136671
0.1392,5.97,-0.014115514,-40.13526105
0.1392,5.972,-0.014671907,-43.64167854
0.1392,5.974,-0.014646619,-49.67626984
0.1392,5.976,-0.015578226,-57.77519651
0.1392,5.978,-0.017457583,-46.64480676
0.1392,5.98,-0.024294942,-41.31482321
0.1392,5.982,-0.022559046,-37.35169582
0.1392,5.984,-0.031363173,-34.13009859
0.1392,5.986,-0.036771224,-31.4090088
0.1392,5.988,-0.064258136,-28.93475808
0.1392,5.99,-0.066586196,-26.08621278
0.1392,5.992,-0.119010161,-22.88253773
0.1392,5.994,-0.222099119,-19.1104041
0.1392,5.996,-0.794628003,-13.56317537
0.1392,5.998,-4.085067082,-8.110684682
0.1392,6,-1.826639676,-9.172631137
0.1392,6.002,-0.368993762,-15.00640213
0.1392,6.004,-0.176372744,-18.29920592
0.1392,6.006,-0.084909342,-20.66946675
0.1392,6.008,-0.055172352,-22.46687293
0.1392,6.01,-0.046437627,-23.74400018
0.1392,6.012,-0.029223912,-24.93392987
0.1392,6.014,-0.023332714,-25.92181607
0.1392,6.016,-0.018885356,-26.80217966
0.1392,6.018,-0.016464468,-27.54699173
0.1392,6.02,-0.014104002,-28.27280896
0.1392,6.022,-0.01775196,-28.99951172
0.1392,6.024,-0.013824766,-29.26275546
0.1392,6.026,-0.010092489,-29.87829609
0.1392,6.028,-0.009235917,-30.41664944
0.1392,6.03,-0.008810479,-30.91811309
0.1392,6.032,-0.009487665,-31.3110123
0.1392,6.034,-0.007640356,-31.80085355
0.1392,6.036,-0.007474325,-32.28813904
0.1392,6.038,-0.0082442,-32.82841207
0.1392,6.04,-0.011322572,-33.51154527
0.1392,6.042,-0.053403026,-34.31588
0.1392,6.044,-0.044415524,-34.06572415
0.1392,6.046,-0.026768814,-32.02975069
0.1392,6.048,-0.009708821,-33.12503555
0.1392,6.05,-0.013275304,-33.82939751
0.1392,6.052,-0.008540841,-33.78669682
0.1392,6.054,-0.006422239,-34.16063366
0.1392,6.056,-0.005112581,-34.54361435
0.1392,6.058,-0.005158202,-34.89102756
0.1392,6.06,-0.00750667,-35.03725271
0.1392,6.062,-0.004561292,-35.34672776
0.1392,6.064,-0.004552676,-35.60800499
0.1392,6.066,-0.004108245,-35.8745853
0.1392,6.068,-0.004215243,-36.10388067
0.1392,6.07,-0.003841329,-36.34947585
0.1392,6.072,-0.003773351,-36.58691622
0.1392,6.074,-0.003709199,-36.81036596
0.1392,6.076,-0.003628433,-37.03905186
0.1392,6.078,-0.003645347,-37.26873626
0.1392,6.08,-0.004659437,-37.47417821
0.1392,6.082,-0.003584043,-37.66447764
0.1392,6.084,-0.003608898,-37.89564252
0.1392,6.086,-0.003499738,-38.08687241
0.1392,6.088,-0.003381838,-38.30961858
0.1392,6.09,-0.003355213,-38.52973655
0.1392,6.092,-0.003370239,-38.75444691
0.1392,6.094,-0.003844225,-38.98210515
0.1392,6.096,-0.003425216,-39.18907892
0.1392,6.098,-0.003551625,-39.45332839
0.1392,6.1,-0.005845725,-39.63811953
0.1394,5.8,-0.003645946,-37.50549102
0.1394,5.802,-0.003678825,-37.39485876
0.1394,5.804,-0.003722663,-37.28705136
0.1394,5.806,-0.003647538,-37.16230936
0.1394,5.808,-0.003730133,-37.02555975
0.1394,5.81,-0.003932058,-36.8776296
0.1394,5.812,-0.00445087,-36.70947653
0.1394,5.814,-0.007569296,-36.45915722
0.1394,5.816,-0.011487526,-36.70090458
0.1394,5.818,-0.006038306,-36.7351738
0.1394,5.82,-0.004277403,-36.50008923
0.1394,5.822,-0.004038388,-36.32326437
0.1394,5.824,-0.004772937,-36.17470382
0.1394,5.826,-0.004021516,-36.03733373
0.1394,5.828,-0.004149675,-35.87677967
0.1394,5.83,-0.004306964,-35.73781378
0.1394,5.832,-0.004365825,-35.58759421
0.1394,5.834,-0.004539723,-35.44634275
0.1394,5.836,-0.00428627,-35.29632792
0.1394,5.838,-0.004590171,-35.13044549
0.1394,5.84,-0.004800545,-34.98440239
0.1394,5.842,-0.004574722,-34.82644327
0.1394,5.844,-0.004499877,-34.66651063
0.1394,5.846,-0.004603362,-34.48494507
0.1394,5.848,-0.004530496,-34.31100042
0.1394,5.85,-0.004856583,-34.12790784
0.1394,5.852,-0.005382016,-33.94315797
0.1394,5.854,-0.005450609,-33.77197734
0.1394,5.856,-0.005000507,-33.57829285
0.1394,5.858,-0.005437863,-33.37328419
0.1394,5.86,-0.005475938,-33.1609303
0.1394,5.862,-0.005565265,-32.94597484
0.1394,5.864,-0.006060846,-32.70852132
0.1394,5.866,-0.007878245,-32.49402874
0.1394,5.868,-0.00743378,-32.31544642
0.1394,5.87,-0.006847386,-32.06723677
0.1394,5.872,-0.006408029,-31.79677101
0.1394,5.874,-0.006634893,-31.50208867
0.1394,5.876,-0.007910449,-31.21449046
0.1394,5.878,-0.009151193,-30.90269134
0.1394,5.88,-0.009186706,-30.546862
0.1394,5.882,-0.010654335,-30.21542474
0.1394,5.884,-0.024355328,-29.96186361
0.1394,5.886,-0.013829208,-29.54719712
0.1394,5.888,-0.015728219,-28.87588017
0.1394,5.89,-0.026558979,-27.9752264
0.1394,5.892,-0.076367712,-26.3163672
0.1394,5.894,-0.346362071,-28.37030647
0.1394,5.896,-0.044435414,-31.80631562
0.1394,5.898,-0.020998262,-29.92318975
0.1394,5.9,-0.017800869,-28.90859259
0.1394,5.902,-0.016042592,-28.23739967
0.1394,5.904,-0.021417044,-27.55938029
0.1394,5.906,-0.019344692,-27.11373287
0.1394,5.908,-0.016716163,-26.42218364
0.1394,5.91,-0.018305695,-25.75000995
0.1394,5.912,-0.02130831,-25.06208102
0.1394,5.914,-0.025938146,-24.37407666
0.1394,5.916,-0.031565269,-23.54368243
0.1394,5.918,-0.033694417,-22.75548551
0.1394,5.92,-0.040094469,-21.76791238
0.1394,5.922,-0.051216498,-20.66434129
0.1394,5.924,-0.070464226,-19.41086308
0.1394,5.926,-0.098886885,-17.90005505
0.1394,5.928,-0.150240623,-16.10959427
0.1394,5.93,-0.263182108,-13.7384596
0.1394,5.932,-0.631759354,-10.49481779
0.1394,5.934,-2.078265736,-5.904881531
0.1394,5.936,-22.11219022,-1.796848262
0.1394,5.938,-1.719489278,-6.887286445
0.1394,5.94,-0.526619726,-11.59951833
0.1394,5.942,-0.241936976,-14.95363604
0.1394,5.944,-0.138649881,-17.49633725
0.1394,5.946,-0.115490956,-19.55626402
0.1394,5.948,-0.066789718,-21.25303619
0.1394,5.95,-0.049242407,-22.84858892
0.1394,5.952,-0.042012819,-24.35228059
0.1394,5.954,-0.037148376,-25.65420991
0.1394,5.956,-0.040163187,-26.81222033
0.1394,5.958,-0.048964546,-28.1844335
0.1394,5.96,-0.106555693,-28.78400093
0.1394,5.962,-0.051652679,-29.95358026
0.1394,5.964,-0.027821491,-30.19446772
0.1394,5.966,-0.017662214,-31.74738185
0.1394,5.968,-0.016207635,-33.1175123
0.1394,5.97,-0.01404419,-34.589791
0.1394,5.972,-0.013388437,-36.22867081
0.1394,5.974,-0.013194854,-38.15895802
0.1394,5.976,-0.01326404,-40.61041764
0.1394,5.978,-0.014006636,-44.06115376
0.1394,5.98,-0.014268435,-50.14040956
0.1394,5.982,-0.015489862,-57.54087537
0.1394,5.984,-0.01780804,-46.40862787
0.1394,5.986,-0.024767471,-41.1037816
0.1394,5.988,-0.02426795,-36.97630859
0.1394,5.99,-0.035103482,-33.62930248
0.1394,5.992,-0.043346443,-30.65301545
0.1394,5.994,-0.077691634,-27.98856094
0.1394,5.996,-0.092903859,-24.62089812
0.1394,5.998,-0.200513242,-20.69815579
0.1394,6,-0.531963803,-15.47499192
0.1394,6.002,-5.086801232,-7.498231986
0.1394,6.004,-2.546222045,-9.388613339
0.1394,6.006,-0.375931905,-15.40183341
0.1394,6.008,-0.146581433,-18.9954549
0.1394,6.01,-0.088959501,-21.25602334
0.1394,6.012,-0.050344757,-23.04577664
0.1394,6.014,-0.036117373,-24.46527103
0.1394,6.016,-0.031229763,-25.4992947
0.1394,6.018,-0.021237395,-26.50082384
0.1394,6.02,-0.017537816,-27.34174064
0.1394,6.022,-0.014760807,-28.10451696
0.1394,6.024,-0.013042491,-28.75725988
0.1394,6.026,-0.011556327,-29.40107235
0.1394,6.028,-0.015604213,-30.05096002
0.1394,6.03,-0.011178749,-30.28858069
0.1394,6.032,-0.008591055,-30.84082246
0.1394,6.034,-0.008019035,-31.32950337
0.1394,6.036,-0.007749753,-31.78915747
0.1394,6.038,-0.008069386,-32.14905978
0.1394,6.04,-0.006794191,-32.60252306
0.1394,6.042,-0.006725627,-33.05633748
0.1394,6.044,-0.007537776,-33.56598253
0.1394,6.046,-0.010524501,-34.22690464
0.1394,6.048,-0.053245335,-34.67515541
0.1394,6.05,-0.044694852,-34.73315293
0.1394,6.052,-0.020606852,-32.87176789
0.1394,6.054,-0.008536516,-33.84907282
0.1394,6.056,-0.013067189,-34.48841516
0.1394,6.058,-0.007517909,-34.45850584
0.1394,6.06,-0.005730301,-34.8020266
0.1394,6.062,-0.004752548,-35.16016754
0.1394,6.064,-0.004880012,-35.4894675
0.1394,6.066,-0.006460538,-35.61483944
0.1394,6.068,-0.004285301,-35.91865333
0.1394,6.07,-0.004238757,-36.16374653
0.1394,6.072,-0.003911767,-36.41849183
0.1394,6.074,-0.003957854,-36.63532456
0.1394,6.076,-0.003672194,-36.87020328
0.1394,6.078,-0.003623654,-37.09687648
0.1394,6.08,-0.003556132,-37.31047194
0.1394,6.082,-0.003493148,-37.52947355
0.1394,6.084,-0.003522628,-37.75041004
0.1394,6.086,-0.004439115,-37.93282992
0.1394,6.088,-0.003450063,-38.13041345
0.1394,6.09,-0.003519508,-38.35239613
0.1394,6.092,-0.00337105,-38.53675097
0.1394,6.094,-0.003279891,-38.75113461
0.1394,6.096,-0.003259358,-38.96377841
0.1394,6.098,-0.003280406,-39.18161636
0.1394,6.1,-0.003773534,-39.39497953
0.1396,5.8,-0.00370333,-37.535299
0.1396,5.802,-0.003564028,-37.42775609
0.1396,5.804,-0.003564877,-37.30538024
0.1396,5.806,-0.003710184,-37.18355773
0.1396,5.808,-0.003748792,-37.06800137
0.1396,5.81,-0.003799627,-36.95499861
0.1396,5.812,-0.003719218,-36.82433116
0.1396,5.814,-0.003811119,-36.68078254
0.1396,5.816,-0.004034862,-36.52544014
0.1396,5.818,-0.00461508,-36.34849741
0.1396,5.82,-0.008078553,-36.08413321
0.1396,5.822,-0.012278987,-36.34915133
0.1396,5.824,-0.006344912,-36.37557769
0.1396,5.826,-0.004412472,-36.1297293
0.1396,5.828,-0.004159214,-35.94393858
0.1396,5.83,-0.004963992,-35.7851803
0.1396,5.832,-0.004149094,-35.64237474
0.1396,5.834,-0.004283342,-35.47270571
0.1396,5.836,-0.004470943,-35.32529745
0.1396,5.838,-0.00453905,-35.16692909
0.1396,5.84,-0.004743142,-35.01689228
0.1396,5.842,-0.004469242,-34.85877004
0.1396,5.844,-0.00480551,-34.68206619
0.1396,5.846,-0.005041563,-34.52731502
0.1396,5.848,-0.004793884,-34.35962604
0.1396,5.85,-0.004726331,-34.18936555
0.1396,5.852,-0.004829976,-33.99540774
0.1396,5.854,-0.004764929,-33.81024147
0.1396,5.856,-0.005146721,-33.6137002
0.1396,5.858,-0.005738348,-33.41513588
0.1396,5.86,-0.00583549,-33.23155371
0.1396,5.862,-0.005335327,-33.02500066
0.1396,5.864,-0.005849277,-32.80329989
0.1396,5.866,-0.005889442,-32.57452331
0.1396,5.868,-0.006024867,-32.34296263
0.1396,5.87,-0.006588848,-32.0860959
0.1396,5.872,-0.008757858,-31.85184728
0.1396,5.874,-0.008328945,-31.65886014
0.1396,5.876,-0.007593611,-31.38976769
0.1396,5.878,-0.007112837,-31.09363809
0.1396,5.88,-0.007392964,-30.77049429
0.1396,5.882,-0.00900037,-30.45347311
0.1396,5.884,-0.010578085,-30.11086753
0.1396,5.886,-0.010678498,-29.71404072
0.1396,5.888,-0.012537629,-29.34538632
0.1396,5.89,-0.029318076,-29.07610628
0.1396,5.892,-0.016577187,-28.594284
0.1396,5.894,-0.01955501,-27.83231442
0.1396,5.896,-0.034707563,-26.79516146
0.1396,5.898,-0.109423117,-24.84429297
0.1396,5.9,-0.39083172,-28.01553363
0.1396,5.902,-0.051479396,-31.08948119
0.1396,5.904,-0.025315074,-29.01770834
0.1396,5.906,-0.022067507,-27.8758222
0.1396,5.908,-0.020126109,-27.11013012
0.1396,5.91,-0.027959033,-26.33311943
0.1396,5.912,-0.025203319,-25.80659506
0.1396,5.914,-0.022370543,-24.98952266
0.1396,5.916,-0.025310039,-24.18345285
0.1396,5.918,-0.030650299,-23.34496147
0.1396,5.92,-0.038903461,-22.49236365
0.1396,5.922,-0.05038727,-21.43966342
0.1396,5.924,-0.056405788,-20.41079623
0.1396,5.926,-0.072965706,-19.08244996
0.1396,5.928,-0.103987535,-17.53215963
0.1396,5.93,-0.165953583,-15.66971062
0.1396,5.932,-0.29356411,-13.23464747
0.1396,5.934,-0.644245909,-10.00272559
0.1396,5.936,-2.437491258,-5.100343724
0.1396,5.938,-13.50626992,-2.055856731
0.1396,5.94,-1.579831049,-6.903620376
0.1396,5.942,-0.507103192,-11.40189407
0.1396,5.944,-0.249149634,-14.64894399
0.1396,5.946,-0.145455269,-17.09069775
0.1396,5.948,-0.094174971,-19.10368667
0.1396,5.95,-0.066304036,-20.80467789
0.1396,5.952,-0.06341806,-22.26216324
0.1396,5.954,-0.040461604,-23.57932153
0.1396,5.956,-0.032341716,-24.84486327
0.1396,5.958,-0.029710158,-26.08054225
0.1396,5.96,-0.027456043,-27.18244895
0.1396,5.962,-0.02956378,-28.17815153
0.1396,5.964,-0.038353103,-29.36213209
0.1396,5.966,-0.084107612,-29.66705207
0.1396,5.968,-0.044839797,-30.95149948
0.1396,5.97,-0.022272715,-31.19706591
0.1396,5.972,-0.015096398,-32.6069165
0.1396,5.974,-0.014164413,-33.87738329
0.1396,5.976,-0.012591309,-35.26231471
0.1396,5.978,-0.012226057,-36.82196878
0.1396,5.98,-0.012249405,-38.68080778
0.1396,5.982,-0.012515232,-41.07052965
0.1396,5.984,-0.013390761,-44.47515434
0.1396,5.986,-0.013922746,-50.60817111
0.1396,5.988,-0.015418707,-57.26460677
0.1396,5.99,-0.018197537,-46.16764443
0.1396,5.992,-0.025274375,-40.87219696
0.1396,5.994,-0.026246141,-36.58049155
0.1396,5.996,-0.039286341,-33.08838929
0.1396,5.998,-0.05220658,-29.81766178
0.1396,6,-0.096482013,-26.89441118
0.1396,6.002,-0.139683718,-22.85102347
0.1396,6.004,-0.401513664,-17.82381672
0.1396,6.006,-2.281354618,-9.998914832
0.1396,6.008,-2.094769685,-10.17625443
0.1396,6.01,-0.526299623,-15.21402322
0.1396,6.012,-0.154113411,-19.24347937
0.1396,6.014,-0.078642585,-21.77749056
0.1396,6.016,-0.053569023,-23.49328247
0.1396,6.018,-0.033660106,-24.93121679
0.1396,6.02,-0.025838067,-26.10630839
0.1396,6.022,-0.022581325,-26.97646178
0.1396,6.024,-0.016345108,-27.84122803
0.1396,6.026,-0.013837952,-28.57435809
0.1396,6.028,-0.012021295,-29.24819415
0.1396,6.03,-0.01072551,-29.83024055
0.1396,6.032,-0.009768764,-30.40982761
0.1396,6.034,-0.014154903,-30.99404437
0.1396,6.036,-0.009333348,-31.21526015
0.1396,6.038,-0.00748327,-31.71611256
0.1396,6.04,-0.007104983,-32.16384863
0.1396,6.042,-0.006947553,-32.58912017
0.1396,6.044,-0.007026644,-32.92232501
0.1396,6.046,-0.00613515,-33.34435589
0.1396,6.048,-0.006134845,-33.7699904
0.1396,6.05,-0.006985817,-34.25391032
0.1396,6.052,-0.009926925,-34.89862708
0.1396,6.054,-0.050995949,-34.9577062
0.1396,6.056,-0.0460507,-35.28765166
0.1396,6.058,-0.01633801,-33.64634798
0.1396,6.06,-0.007629167,-34.52442065
0.1396,6.062,-0.013009749,-35.09323691
0.1396,6.064,-0.006752615,-35.08841485
0.1396,6.066,-0.005197021,-35.4060519
0.1396,6.068,-0.004456138,-35.74218151
0.1396,6.07,-0.00465838,-36.05583308
0.1396,6.072,-0.005648037,-36.16779235
0.1396,6.074,-0.004057464,-36.46118427
0.1396,6.076,-0.003981669,-36.69263274
0.1396,6.078,-0.0037466,-36.9361568
0.1396,6.08,-0.003746683,-37.14232925
0.1396,6.082,-0.003527233,-37.36708875
0.1396,6.084,-0.003496199,-37.5840699
0.1396,6.086,-0.003425043,-37.78884181
0.1396,6.088,-0.003375682,-37.9991234
0.1396,6.09,-0.003417385,-38.21226675
0.1396,6.092,-0.004170964,-38.37496776
0.1396,6.094,-0.003334697,-38.5778595
0.1396,6.096,-0.003448208,-38.7910692
0.1396,6.098,-0.003261049,-38.96962272
0.1396,6.1,-0.003189742,-39.17641669
0.1398,5.8,-0.00357538,-37.53462795
0.1398,5.802,-0.003873125,-37.41895053
0.1398,5.804,-0.00374643,-37.33157859
0.1398,5.806,-0.003774201,-37.21493516
0.1398,5.808,-0.003624056,-37.10247221
0.1398,5.81,-0.003625837,-36.97437709
0.1398,5.812,-0.003784112,-36.84668335
0.1398,5.814,-0.003829537,-36.72575066
0.1398,5.816,-0.003888451,-36.60708253
0.1398,5.818,-0.003802212,-36.46994199
0.1398,5.82,-0.003905012,-36.31895175
0.1398,5.822,-0.004154495,-36.15547797
0.1398,5.824,-0.004806786,-35.96886716
0.1398,5.826,-0.0086768,-35.68918718
0.1398,5.828,-0.013186522,-35.97961442
0.1398,5.83,-0.006695124,-35.99741595
0.1398,5.832,-0.004569255,-35.73982537
0.1398,5.834,-0.004300702,-35.54411383
0.1398,5.836,-0.005183583,-35.37420644
0.1398,5.838,-0.004299195,-35.22527216
0.1398,5.84,-0.004440868,-35.04551817
0.1398,5.842,-0.004662788,-34.88874461
0.1398,5.844,-0.004744437,-34.72126207
0.1398,5.846,-0.004983095,-34.56140565
0.1398,5.848,-0.004687933,-34.39418351
0.1398,5.85,-0.005061258,-34.20533649
0.1398,5.852,-0.005330869,-34.04096207
0.1398,5.854,-0.005057834,-33.86219956
0.1398,5.856,-0.005000682,-33.68027627
0.1398,5.858,-0.005104178,-33.47234892
0.1398,5.86,-0.005051799,-33.27436709
0.1398,5.862,-0.005500062,-33.06246771
0.1398,5.864,-0.006171098,-32.84822465
0.1398,5.866,-0.006304612,-32.65044985
0.1398,5.868,-0.005751397,-32.42896981
0.1398,5.87,-0.006361236,-32.18793461
0.1398,5.872,-0.006405055,-31.94028906
0.1398,5.874,-0.006605528,-31.68925264
0.1398,5.876,-0.007261049,-31.40977144
0.1398,5.878,-0.009894358,-31.15202483
0.1398,5.88,-0.009490197,-30.94236203
0.1398,5.882,-0.008569453,-30.64858893
0.1398,5.884,-0.008040007,-30.32177422
0.1398,5.886,-0.008397651,-29.96443497
0.1398,5.888,-0.010465231,-29.61184653
0.1398,5.89,-0.012517039,-29.2319222
0.1398,5.892,-0.012741796,-28.78446332
0.1398,5.894,-0.015171602,-28.36957831
0.1398,5.896,-0.036214253,-28.08129397
0.1398,5.898,-0.020526011,-27.51387204
0.1398,5.9,-0.025304496,-26.63527006
0.1398,5.902,-0.047688446,-25.41752282
0.1398,5.904,-0.169049857,-23.07105881
0.1398,5.906,-0.427652597,-27.79637018
0.1398,5.908,-0.060648172,-30.301915
0.1398,5.91,-0.031401074,-27.9976402
0.1398,5.912,-0.028433784,-26.69292753
0.1398,5.914,-0.026433321,-25.80252675
0.1398,5.916,-0.038505007,-24.89288295
0.1398,5.918,-0.034916786,-24.25332868
0.1398,5.92,-0.032290024,-23.25722184
0.1398,5.922,-0.038337992,-22.2534854
0.1398,5.924,-0.049245092,-21.18386587
0.1398,5.926,-0.066708449,-20.06733181
0.1398,5.928,-0.095493994,-18.63834045
0.1398,5.93,-0.117565337,-17.16981437
0.1398,5.932,-0.179536112,-15.16319241
0.1398,5.934,-0.328238819,-12.60942071
0.1398,5.936,-0.793312739,-9.154597272
0.1398,5.938,-3.387519517,-4.057049487
0.1398,5.94,-8.960013007,-2.00200576
0.1398,5.942,-1.262179163,-7.45218731
0.1398,5.944,-0.475512422,-11.78671585
0.1398,5.946,-0.231175614,-14.67896238
0.1398,5.948,-0.137325129,-16.98558097
0.1398,5.95,-0.09434408,-18.90200894
0.1398,5.952,-0.067441718,-20.51346988
0.1398,5.954,-0.050493823,-21.94682058
0.1398,5.956,-0.039370488,-23.22690905
0.1398,5.958,-0.040184211,-24.34893981
0.1398,5.96,-0.027539772,-25.43306415
0.1398,5.962,-0.023200991,-26.48488547
0.1398,5.964,-0.022493562,-27.53706087
0.1398,5.966,-0.021450195,-28.49644523
0.1398,5.968,-0.022867319,-29.37546297
0.1398,5.97,-0.030897508,-30.41856249
0.1398,5.972,-0.065584125,-30.51893723
0.1398,5.974,-0.039964873,-31.84024193
0.1398,5.976,-0.018321745,-32.10633111
0.1398,5.978,-0.013133056,-33.39842406
0.1398,5.98,-0.012547493,-34.58502985
0.1398,5.982,-0.011403626,-35.89496684
0.1398,5.984,-0.011248943,-37.38562748
0.1398,5.986,-0.011434259,-39.1816309
0.1398,5.988,-0.011853313,-41.51699565
0.1398,5.99,-0.012824978,-44.88476491
0.1398,5.992,-0.01360675,-51.08041586
0.1398,5.994,-0.015364823,-56.9543266
0.1398,5.996,-0.018630801,-45.92155848
0.1398,5.998,-0.02585932,-40.61989901
0.1398,6,-0.028553834,-36.16212726
0.1398,6.002,-0.044223212,-32.49495687
0.1398,6.004,-0.064512777,-28.88612275
0.1398,6.006,-0.125016487,-25.61025984
0.1398,6.008,-0.234727328,-20.63208811
0.1398,6.01,-1.10289752,-13.81247636
0.1398,6.012,-4.651070524,-7.968115752
0.1398,6.014,-0.501810116,-15.7706574
0.1398,6.016,-0.206850296,-19.07325024
0.1398,6.018,-0.083717759,-21.95639544
0.1398,6.02,-0.04945368,-23.91023171
0.1398,6.022,-0.035963938,-25.29336246
0.1398,6.024,-0.024362819,-26.49593007
0.1398,6.026,-0.019675493,-27.50034706
0.1398,6.028,-0.017242164,-28.25281213
0.1398,6.03,-0.013134406,-29.01386733
0.1398,6.032,-0.011335338,-29.66461541
0.1398,6.034,-0.010111467,-30.26884337
0.1398,6.036,-0.00908559,-30.79494033
0.1398,6.038,-0.00846721,-31.32300333
0.1398,6.04,-0.013143205,-31.84661209
0.1398,6.042,-0.007999671,-32.06103244
0.1398,6.044,-0.006642472,-32.51945059
0.1398,6.046,-0.006399371,-32.93276325
0.1398,6.048,-0.006329021,-33.32937993
0.1398,6.05,-0.006242205,-33.64043551
0.1398,6.052,-0.005611993,-34.03527834
0.1398,6.054,-0.005660364,-34.43693896
0.1398,6.056,-0.006551216,-34.89888624
0.1398,6.058,-0.009487755,-35.53274475
0.1398,6.06,-0.046257683,-35.23611431
0.1398,6.062,-0.047962924,-35.70682239
0.1398,6.064,-0.013298957,-34.36322314
0.1398,6.066,-0.006916437,-35.15781627
0.1398,6.068,-0.012963675,-35.64498517
0.1398,6.07,-0.006174645,-35.68153746
0.1398,6.072,-0.004777908,-35.97705262
0.1398,6.074,-0.004209164,-36.29372606
0.1398,6.076,-0.004483857,-36.59376522
0.1398,6.078,-0.005028448,-36.69672034
0.1398,6.08,-0.003867692,-36.9775477
0.1398,6.082,-0.003770798,-37.19724299
0.1398,6.084,-0.003607006,-37.43031481
0.1398,6.086,-0.003572278,-37.62716307
0.1398,6.088,-0.003401867,-37.84252278
0.1398,6.09,-0.003387216,-38.05068321
0.1398,6.092,-0.003311604,-38.24756162
0.1398,6.094,-0.003272901,-38.44996839
0.1398,6.096,-0.003327052,-38.65615826
0.1398,6.098,-0.003896829,-38.80396807
0.1398,6.1,-0.003234476,-39.00849009
0.14,5.8,-0.003491399,-37.55800796
0.14,5.802,-0.003638032,-37.44386496
0.14,5.804,-0.003537233,-37.33605218
0.14,5.806,-0.003636817,-37.21417911
0.14,5.808,-0.003963218,-37.09326241
0.14,5.81,-0.003823067,-37.00199169
0.14,5.812,-0.003855735,-36.87976578
0.14,5.814,-0.003693299,-36.76194226
0.14,5.816,-0.003696356,-36.62761114
0.14,5.818,-0.003869537,-36.49351375
0.14,5.82,-0.003923085,-36.36669022
0.14,5.822,-0.003991401,-36.24182012
0.14,5.824,-0.003898732,-36.09758078
0.14,5.826,-0.0040144,-35.93841277
0.14,5.828,-0.004294439,-35.76597987
0.14,5.83,-0.005031921,-35.56868836
0.14,5.832,-0.009384711,-35.27222439
0.14,5.834,-0.014232322,-35.59052024
0.14,5.836,-0.007097683,-35.59882609
0.14,5.838,-0.004752488,-35.32833877
0.14,5.84,-0.004467415,-35.12160137
0.14,5.842,-0.005438291,-34.93945213
0.14,5.844,-0.004477007,-34.78356446
0.14,5.846,-0.004627877,-34.59258872
0.14,5.848,-0.004889412,-34.42537936
0.14,5.85,-0.004989901,-34.24762744
0.14,5.852,-0.005268633,-34.07675111
0.14,5.854,-0.004951468,-33.89923213
0.14,5.856,-0.005367696,-33.69668417
0.14,5.858,-0.005682382,-33.52156452
0.14,5.86,-0.005378913,-33.33012609
0.14,5.862,-0.005336819,-33.13492859
0.14,5.864,-0.005440185,-32.91111629
0.14,5.866,-0.005407096,-32.69838162
0.14,5.868,-0.005935889,-32.4688123
0.14,5.87,-0.006704723,-32.23660917
0.14,5.872,-0.00688615,-32.02243947
0.14,5.874,-0.006276222,-31.7834419
0.14,5.876,-0.007007564,-31.51977403
0.14,5.878,-0.007060239,-31.25019241
0.14,5.88,-0.007352177,-30.97603671
0.14,5.882,-0.008134173,-30.66983221
0.14,5.884,-0.011389339,-30.38371788
0.14,5.886,-0.01103162,-30.15452074
0.14,5.888,-0.00987616,-29.83105828
0.14,5.89,-0.00929182,-29.46699824
0.14,5.892,-0.009767184,-29.06782679
0.14,5.894,-0.012495526,-28.67140308
0.14,5.896,-0.015240724,-28.24529007
0.14,5.898,-0.015705154,-27.73383725
0.14,5.9,-0.019011616,-27.26002476
0.14,5.902,-0.046218515,-26.94822464
0.14,5.904,-0.026496832,-26.2682903
0.14,5.906,-0.034497274,-25.23410591
0.14,5.908,-0.070146487,-23.76689127
0.14,5.91,-0.291396008,-20.86577979
0.14,5.912,-0.450779034,-27.73834144
0.14,5.914,-0.072908209,-29.42948559
0.14,5.916,-0.040379988,-26.83145829
0.14,5.918,-0.038529881,-25.31112815
0.14,5.92,-0.036927923,-24.24868831
0.14,5.922,-0.057101737,-23.15190899
0.14,5.924,-0.052812897,-22.34414546
0.14,5.926,-0.052147798,-21.07239622
0.14,5.928,-0.066930677,-19.74820441
0.14,5.93,-0.094930567,-18.28022338
0.14,5.932,-0.144859853,-16.67512528
0.14,5.934,-0.252573088,-14.48184263
0.14,5.936,-0.396552093,-11.98514379
0.14,5.938,-0.99053243,-8.122521244
0.14,5.94,-5.178078594,-2.802373704
0.14,5.942,-5.27962004,-2.921261214
0.14,5.944,-1.002571164,-8.30104976
0.14,5.946,-0.392575186,-12.10231591
0.14,5.948,-0.202966145,-14.95574426
0.14,5.95,-0.135761371,-17.18802785
0.14,5.952,-0.087993078,-18.92094937
0.14,5.954,-0.063335223,-20.43989526
0.14,5.956,-0.04986516,-21.79264523
0.14,5.958,-0.039326756,-22.99576207
0.14,5.96,-0.031960404,-24.11075631
0.14,5.962,-0.026500479,-25.14019529
0.14,5.964,-0.027823676,-26.05072934
0.14,5.966,-0.02025685,-26.97618133
0.14,5.968,-0.017704779,-27.87867467
0.14,5.97,-0.017902655,-28.79735711
0.14,5.972,-0.017485823,-29.65040566
0.14,5.974,-0.018411319,-30.44176685
0.14,5.976,-0.025536166,-31.37853287
0.14,5.978,-0.050862292,-31.34877007
0.14,5.98,-0.036284304,-32.63521445
0.14,5.982,-0.015419176,-32.93889904
0.14,5.984,-0.011597038,-34.13261704
0.14,5.986,-0.011245795,-35.24780556
0.14,5.988,-0.010419742,-36.49276627
0.14,5.99,-0.010419309,-37.92296272
0.14,5.992,-0.010726561,-39.66350886
0.14,5.994,-0.011265456,-41.95105958
0.14,5.996,-0.012309397,-45.29056108
0.14,5.998,-0.013317999,-51.5580148
0.14,6,-0.015328426,-56.61733496
0.14,6.002,-0.019113404,-45.67005648
0.14,6.004,-0.02655907,-40.34746811
0.14,6.006,-0.031269353,-35.71877218
0.14,6.008,-0.050419682,-31.83962639
0.14,6.01,-0.082257233,-27.83587827
0.14,6.012,-0.172194291,-24.07708533
0.14,6.014,-0.472674975,-17.70781231
0.14,6.016,-4.584176103,-9.204484675
0.14,6.018,-0.800654074,-13.93142104
0.14,6.02,-0.216173389,-19.46174157
0.14,6.022,-0.108424251,-21.82079469
0.14,6.024,-0.052903612,-24.04926111
0.14,6.026,-0.03432852,-25.64089906
0.14,6.028,-0.026007007,-26.8007141
0.14,6.03,-0.018659752,-27.83497298
0.14,6.032,-0.015697815,-28.71359567
0.14,6.034,-0.013736694,-29.37747401
0.14,6.036,-0.010915404,-30.05730435
0.14,6.038,-0.009564899,-30.64306674
0.14,6.04,-0.008729088,-31.19130943
0.14,6.042,-0.0078827,-31.67209971
0.14,6.044,-0.00749111,-32.15803071
0.14,6.046,-0.012368491,-32.62132912
0.14,6.048,-0.007006647,-32.83957843
0.14,6.05,-0.005989054,-33.26244855
0.14,6.052,-0.005840594,-33.64632722
0.14,6.054,-0.005845228,-34.01877123
0.14,6.056,-0.005638974,-34.31111164
0.14,6.058,-0.005189736,-34.68237061
0.14,6.06,-0.005273488,-35.063468
0.14,6.062,-0.006206499,-35.50619551
0.14,6.064,-0.009179519,-36.13422065
0.14,6.066,-0.0397757,-35.57209924
0.14,6.068,-0.049529228,-35.97927422
0.14,6.07,-0.011082158,-35.03052168
0.14,6.072,-0.006350039,-35.75472216
0.14,6.074,-0.012745104,-36.14684234
0.14,6.076,-0.0057364,-36.24197182
0.14,6.078,-0.004442409,-36.51873485
0.14,6.08,-0.004001196,-36.81820428
0.14,6.082,-0.004350084,-37.10628668
0.14,6.084,-0.004556337,-37.20271303
0.14,6.086,-0.003708589,-37.47047015
0.14,6.088,-0.003596305,-37.67985405
0.14,6.09,-0.003488716,-37.90329248
0.14,6.092,-0.00342659,-38.09185009
0.14,6.094,-0.003292555,-38.29856214
0.14,6.096,-0.003293498,-38.49856873
0.14,6.098,-0.00321252,-38.68844268
0.14,6.1,-0.003182337,-38.88371727
